-- phpMyAdmin SQL Dump
-- version 4.8.4
-- https://www.phpmyadmin.net/
--
-- Host: 127.0.0.1
-- Generation Time: Aug 03, 2020 at 11:01 PM
-- Server version: 10.1.37-MariaDB
-- PHP Version: 7.3.1

SET SQL_MODE = "NO_AUTO_VALUE_ON_ZERO";
SET AUTOCOMMIT = 0;
START TRANSACTION;
SET time_zone = "+00:00";


/*!40101 SET @OLD_CHARACTER_SET_CLIENT=@@CHARACTER_SET_CLIENT */;
/*!40101 SET @OLD_CHARACTER_SET_RESULTS=@@CHARACTER_SET_RESULTS */;
/*!40101 SET @OLD_COLLATION_CONNECTION=@@COLLATION_CONNECTION */;
/*!40101 SET NAMES utf8mb4 */;

--
-- Database: `eapi`
--

-- --------------------------------------------------------

--
-- Table structure for table `failed_jobs`
--

CREATE TABLE `failed_jobs` (
  `id` bigint(20) UNSIGNED NOT NULL,
  `connection` text COLLATE utf8mb4_unicode_ci NOT NULL,
  `queue` text COLLATE utf8mb4_unicode_ci NOT NULL,
  `payload` longtext COLLATE utf8mb4_unicode_ci NOT NULL,
  `exception` longtext COLLATE utf8mb4_unicode_ci NOT NULL,
  `failed_at` timestamp NOT NULL DEFAULT CURRENT_TIMESTAMP
) ENGINE=InnoDB DEFAULT CHARSET=utf8mb4 COLLATE=utf8mb4_unicode_ci;

-- --------------------------------------------------------

--
-- Table structure for table `migrations`
--

CREATE TABLE `migrations` (
  `id` int(10) UNSIGNED NOT NULL,
  `migration` varchar(191) COLLATE utf8mb4_unicode_ci NOT NULL,
  `batch` int(11) NOT NULL
) ENGINE=InnoDB DEFAULT CHARSET=utf8mb4 COLLATE=utf8mb4_unicode_ci;

--
-- Dumping data for table `migrations`
--

INSERT INTO `migrations` (`id`, `migration`, `batch`) VALUES
(1, '2014_10_12_000000_create_users_table', 1),
(2, '2019_08_19_000000_create_failed_jobs_table', 1),
(3, '2020_08_02_222401_create_products_table', 1),
(4, '2020_08_02_222637_create_reviews_table', 1);

-- --------------------------------------------------------

--
-- Table structure for table `products`
--

CREATE TABLE `products` (
  `id` bigint(20) UNSIGNED NOT NULL,
  `name` varchar(191) COLLATE utf8mb4_unicode_ci NOT NULL,
  `details` text COLLATE utf8mb4_unicode_ci NOT NULL,
  `price` int(11) NOT NULL,
  `stock` int(11) NOT NULL,
  `discount` int(11) NOT NULL,
  `created_at` timestamp NULL DEFAULT NULL,
  `updated_at` timestamp NULL DEFAULT NULL
) ENGINE=InnoDB DEFAULT CHARSET=utf8mb4 COLLATE=utf8mb4_unicode_ci;

--
-- Dumping data for table `products`
--

INSERT INTO `products` (`id`, `name`, `details`, `price`, `stock`, `discount`, `created_at`, `updated_at`) VALUES
(1, 'molestiae', 'Reiciendis sed occaecati quas libero a. Consectetur quia ex autem ut et. In dolores voluptas esse. Et aut neque incidunt sint.', 332, 5, 26, '2020-08-04 03:54:42', '2020-08-04 03:54:42'),
(2, 'doloremque', 'Corporis reprehenderit nam quia nam. Ab aut adipisci ab in labore. Ullam delectus laboriosam cupiditate quaerat dolorem dolore cumque.', 627, 5, 3, '2020-08-04 03:54:43', '2020-08-04 03:54:43'),
(3, 'sed', 'Vero aperiam numquam cumque omnis deleniti repudiandae. Consectetur ut deserunt exercitationem sequi rem non. Est accusamus dolores distinctio magnam.', 429, 3, 29, '2020-08-04 03:54:43', '2020-08-04 03:54:43'),
(4, 'et', 'Explicabo veniam deserunt reprehenderit impedit. Aspernatur repudiandae ut a velit nihil. Molestiae rerum quas est ad tenetur assumenda. Dolorem et minima maxime dicta voluptate est.', 732, 3, 25, '2020-08-04 03:54:43', '2020-08-04 03:54:43'),
(5, 'iure', 'Rerum nobis fuga rerum atque cum omnis. Harum est ipsum similique illum. Aut sint atque mollitia nobis cupiditate voluptatem libero. Aperiam repellendus aspernatur id et eum sed dolore.', 615, 5, 2, '2020-08-04 03:54:43', '2020-08-04 03:54:43'),
(6, 'iure', 'Quia saepe deleniti quibusdam quidem. Quia alias aliquam necessitatibus. Ipsam sit architecto dolorum est rerum sapiente.', 157, 3, 15, '2020-08-04 03:54:43', '2020-08-04 03:54:43'),
(7, 'culpa', 'Voluptatum praesentium odit ut et suscipit quibusdam qui voluptate. Magni quod recusandae et aut reiciendis quis. Autem et magni voluptate voluptatem.', 450, 3, 16, '2020-08-04 03:54:43', '2020-08-04 03:54:43'),
(8, 'optio', 'Et velit assumenda qui quia dolorem. Quia praesentium quod vero voluptas et suscipit nulla. Distinctio placeat ad et nisi dolores. Ipsa qui quam exercitationem.', 539, 2, 17, '2020-08-04 03:54:43', '2020-08-04 03:54:43'),
(9, 'qui', 'Aspernatur id laborum illum sequi veniam. Corporis laboriosam quod in qui odio. Iste eaque maiores facilis ab necessitatibus ex.', 821, 9, 12, '2020-08-04 03:54:44', '2020-08-04 03:54:44'),
(10, 'reprehenderit', 'Corporis fugiat qui odio maiores. Culpa voluptatem ipsam ipsam omnis perferendis. Aut eius rerum quis ipsa molestias et sed.', 940, 9, 9, '2020-08-04 03:54:44', '2020-08-04 03:54:44'),
(11, 'possimus', 'Autem qui aut maxime. Atque ea maxime et est fugiat. Odit aut corrupti alias corrupti. Sit enim dolore eius dolore voluptatibus.', 322, 0, 23, '2020-08-04 03:54:44', '2020-08-04 03:54:44'),
(12, 'ut', 'Perferendis et sint dignissimos quia neque voluptatem in vel. In consequuntur soluta magni mollitia omnis et. Perferendis quae totam qui explicabo cumque optio esse.', 408, 2, 13, '2020-08-04 03:54:44', '2020-08-04 03:54:44'),
(13, 'omnis', 'Tempora nostrum omnis nulla molestiae ea facilis sit. Ut laborum quia commodi. Amet officia repudiandae necessitatibus unde quasi harum autem laboriosam. Magni rerum voluptate autem dolores vero.', 656, 5, 6, '2020-08-04 03:54:44', '2020-08-04 03:54:44'),
(14, 'vero', 'Labore a tempora tempore pariatur tempora maxime. Eum id debitis ipsum qui quia delectus. Et excepturi nihil recusandae nesciunt ut. Repellendus commodi quo eos quod ducimus ad.', 364, 0, 6, '2020-08-04 03:54:44', '2020-08-04 03:54:44'),
(15, 'voluptatem', 'Facere accusantium molestiae iste ullam ipsa labore illum. Libero alias eos consequuntur libero consequuntur voluptatem. Quasi minima quas at nemo expedita nobis. Et adipisci occaecati eos sequi ducimus.', 895, 5, 29, '2020-08-04 03:54:44', '2020-08-04 03:54:44'),
(16, 'voluptatum', 'Repudiandae labore soluta eligendi et. Aut nobis neque velit quisquam et adipisci aspernatur.', 521, 2, 18, '2020-08-04 03:54:44', '2020-08-04 03:54:44'),
(17, 'sequi', 'Voluptatem laboriosam est et quos accusamus aut nulla. Quod rerum atque totam enim ad repellat ullam iure. Dolorum et eius ut sunt vel eveniet. Quis ut quas non odio ad.', 786, 7, 17, '2020-08-04 03:54:44', '2020-08-04 03:54:44'),
(18, 'aspernatur', 'Recusandae dolores quis sit aut quo excepturi magni. Nostrum amet et blanditiis. Ipsum ipsa illo quisquam eius nostrum.', 647, 5, 21, '2020-08-04 03:54:44', '2020-08-04 03:54:44'),
(19, 'eum', 'Quos aut architecto qui sit. Adipisci sed totam rerum aut id. Natus eligendi perspiciatis voluptatibus error nihil fugiat amet iste.', 468, 1, 10, '2020-08-04 03:54:44', '2020-08-04 03:54:44'),
(20, 'necessitatibus', 'Minus dicta est eius aperiam. Et voluptatum ex reiciendis asperiores quo. Sapiente voluptas tempora culpa est est.', 586, 3, 9, '2020-08-04 03:54:44', '2020-08-04 03:54:44'),
(21, 'amet', 'Libero quia aut minima aut consectetur aut. Ut iste dolorum quas ducimus. Aliquam ut harum et est tenetur et blanditiis.', 550, 8, 12, '2020-08-04 03:54:44', '2020-08-04 03:54:44'),
(22, 'at', 'Expedita eum iure ab earum illum. Quasi consequatur nisi similique quis. Veritatis officiis sed aperiam rem quidem doloremque.', 941, 5, 15, '2020-08-04 03:54:44', '2020-08-04 03:54:44'),
(23, 'ad', 'Libero sequi quis eum quia voluptas ipsum necessitatibus. Aut voluptates laudantium corporis ut qui. Et fuga dolorem libero ut.', 895, 1, 4, '2020-08-04 03:54:44', '2020-08-04 03:54:44'),
(24, 'et', 'Quidem et eius et consectetur maxime laboriosam facilis. Tempora architecto quo maxime ut sint. Nobis quia et est tempora.', 817, 1, 7, '2020-08-04 03:54:44', '2020-08-04 03:54:44'),
(25, 'repellendus', 'In quibusdam doloribus ad expedita omnis. Et maxime quasi dignissimos. Est assumenda repellendus enim facilis dicta similique et. Enim voluptatem eaque quis velit quae.', 744, 7, 22, '2020-08-04 03:54:45', '2020-08-04 03:54:45'),
(26, 'dolorem', 'Sunt ducimus temporibus aut provident praesentium. Consequuntur vitae est est ea voluptatum laborum. Minus quidem quibusdam hic cumque velit.', 309, 5, 16, '2020-08-04 03:54:45', '2020-08-04 03:54:45'),
(27, 'ipsa', 'Sequi omnis distinctio maxime similique laboriosam. Ut repudiandae itaque odio beatae enim. Placeat ipsum assumenda dolorum est.', 390, 3, 29, '2020-08-04 03:54:45', '2020-08-04 03:54:45'),
(28, 'dolor', 'Sapiente sunt et nihil vel libero minus occaecati quia. Voluptatum et quo asperiores qui. Consequatur maiores quia occaecati atque libero cumque voluptatibus. Non atque soluta quaerat dolores voluptas aperiam.', 267, 3, 29, '2020-08-04 03:54:45', '2020-08-04 03:54:45'),
(29, 'ratione', 'Amet ut dolorem dignissimos voluptatibus. Nisi porro maiores quam natus fugit. Perspiciatis possimus maiores quis at quia accusamus voluptas ut. Dolores quas aut soluta quae fugit at.', 383, 4, 12, '2020-08-04 03:54:45', '2020-08-04 03:54:45'),
(30, 'et', 'Veniam quo vel est aut magni adipisci. Est illo dicta quos maiores et eum ut. Dignissimos suscipit eaque et nobis. Consequuntur est amet et veritatis consequatur velit numquam veniam.', 686, 0, 10, '2020-08-04 03:54:45', '2020-08-04 03:54:45'),
(31, 'amet', 'Blanditiis tempora ipsa mollitia error eligendi impedit et. Fugiat dolorem non non consequatur at ab. Animi maxime similique ducimus voluptatum non sapiente.', 286, 3, 26, '2020-08-04 03:54:45', '2020-08-04 03:54:45'),
(32, 'nihil', 'Perspiciatis sapiente dolores consequatur sit accusantium tenetur est. Vel laboriosam et nesciunt saepe quis commodi sequi. Consectetur praesentium quisquam ea et ea ullam aut.', 859, 7, 21, '2020-08-04 03:54:45', '2020-08-04 03:54:45'),
(33, 'veniam', 'Sed quam eligendi sunt. Est numquam omnis repellendus qui aspernatur. Saepe molestias tenetur dicta quia dicta doloribus soluta.', 919, 6, 6, '2020-08-04 03:54:45', '2020-08-04 03:54:45'),
(34, 'placeat', 'Odit sed quas harum harum et quibusdam. Ut voluptates consequatur nostrum unde voluptate. Et expedita earum qui molestiae.', 218, 3, 20, '2020-08-04 03:54:46', '2020-08-04 03:54:46'),
(35, 'autem', 'Iure rem similique repudiandae sed repellendus doloribus. Asperiores ad sit quae impedit optio consequatur omnis fugiat. Quis quia beatae voluptas nulla nihil. Voluptas voluptas voluptates non officiis delectus ullam laboriosam.', 130, 2, 3, '2020-08-04 03:54:46', '2020-08-04 03:54:46'),
(36, 'velit', 'Rem labore eaque quas ipsa aut fuga. Similique et consectetur atque quasi aut et. Est iure et voluptate dolores aut totam. Illo adipisci ut explicabo ab ex accusamus.', 688, 4, 15, '2020-08-04 03:54:46', '2020-08-04 03:54:46'),
(37, 'nulla', 'Beatae unde delectus tenetur odit deleniti libero ad. Qui minus voluptas quia fugiat ut iusto. Molestiae aliquid occaecati nulla inventore.', 937, 4, 8, '2020-08-04 03:54:46', '2020-08-04 03:54:46'),
(38, 'enim', 'Quam enim adipisci sint reiciendis perferendis blanditiis in. Fugit assumenda sed aliquam neque fuga. Porro reprehenderit necessitatibus ea est doloribus.', 443, 0, 20, '2020-08-04 03:54:46', '2020-08-04 03:54:46'),
(39, 'rem', 'Sint ipsa reiciendis vel nam consequatur nobis. Dolorem architecto rerum ratione quis iste laboriosam. Ut vitae iusto animi consequuntur quo. Nobis possimus quod qui.', 745, 6, 7, '2020-08-04 03:54:46', '2020-08-04 03:54:46'),
(40, 'dolores', 'Aut minus et sint officiis modi qui. Dolorem dignissimos rem necessitatibus minima et non.', 279, 7, 16, '2020-08-04 03:54:46', '2020-08-04 03:54:46'),
(41, 'veniam', 'Sapiente optio harum qui ex. Eaque commodi laudantium unde aliquam enim distinctio placeat. Consequatur laboriosam et reiciendis in. Cupiditate soluta ab temporibus labore adipisci eum.', 292, 6, 29, '2020-08-04 03:54:46', '2020-08-04 03:54:46'),
(42, 'dolorem', 'Sit provident molestiae quia sit in. Non nulla aut consequatur commodi velit itaque nam quam. Sit vel illo perferendis ut impedit eos nulla. Omnis sit doloribus vel nulla earum consequatur accusantium. Est aut numquam placeat saepe reprehenderit cum sunt.', 308, 1, 2, '2020-08-04 03:54:46', '2020-08-04 03:54:46'),
(43, 'fugit', 'Ea excepturi error dolorum laboriosam qui perferendis. Eum officia laudantium aut voluptatem excepturi sit. Dicta quasi ut consequatur magnam impedit quo eos quasi. Dolorem rerum mollitia atque. Qui non sed aliquam.', 960, 6, 24, '2020-08-04 03:54:46', '2020-08-04 03:54:46'),
(44, 'sunt', 'Illum ut occaecati nobis quam reiciendis nulla. Quis dolorum dicta quo pariatur. Iure necessitatibus et consequatur. Dignissimos quam enim quod tenetur consequuntur.', 878, 9, 28, '2020-08-04 03:54:46', '2020-08-04 03:54:46'),
(45, 'magnam', 'Laboriosam nulla molestiae facere accusamus sed dolor. Id et eaque suscipit dolore expedita. Omnis eum vel molestias.', 399, 1, 5, '2020-08-04 03:54:46', '2020-08-04 03:54:46'),
(46, 'magnam', 'Consequatur saepe quibusdam est qui accusantium veniam dignissimos. Facere nesciunt odit qui et. Possimus voluptatibus voluptates est officia aliquam. Ipsa quia dolores dolorem quia enim.', 558, 7, 16, '2020-08-04 03:54:46', '2020-08-04 03:54:46'),
(47, 'non', 'Saepe suscipit nulla ea. Incidunt aut sint dolores est quibusdam nostrum. Soluta voluptatibus consequatur dolorem dolorem cumque cumque maxime.', 288, 8, 28, '2020-08-04 03:54:46', '2020-08-04 03:54:46'),
(48, 'maiores', 'Quam aliquam non aliquam at sint repellat est. Qui doloribus rerum incidunt recusandae qui nihil sed. Totam aut qui veritatis adipisci et et. Non perspiciatis commodi consectetur.', 974, 4, 3, '2020-08-04 03:54:46', '2020-08-04 03:54:46'),
(49, 'fuga', 'Inventore eos sed ut adipisci placeat ad. Facilis deserunt velit cum sint omnis consequatur dolorum. Ipsum consequatur aut aut suscipit. Veritatis incidunt nobis voluptatem laboriosam rerum amet sunt.', 451, 3, 4, '2020-08-04 03:54:46', '2020-08-04 03:54:46'),
(50, 'nihil', 'Impedit aspernatur dolore repellendus aut aut eos. Necessitatibus nostrum est optio soluta ut voluptates. Rerum ducimus perspiciatis provident. Magni voluptate distinctio omnis.', 768, 2, 22, '2020-08-04 03:54:46', '2020-08-04 03:54:46'),
(51, 'doloribus', 'Sequi distinctio rem tempora dolorem dolore repudiandae excepturi. Qui cumque ipsum eaque soluta neque aut nihil quasi. Occaecati non laboriosam voluptas enim.', 753, 0, 9, '2020-08-04 03:57:56', '2020-08-04 03:57:56'),
(52, 'magnam', 'Ducimus voluptatum minus vel enim. Expedita velit tempora omnis exercitationem.', 569, 3, 23, '2020-08-04 03:57:56', '2020-08-04 03:57:56'),
(53, 'harum', 'Atque quia eveniet repellat ad sit. Repellendus dolore expedita necessitatibus quos inventore ipsum sit nostrum. Nesciunt est delectus voluptatem aut vel aut architecto sed. Pariatur deserunt voluptatem ipsam.', 760, 4, 10, '2020-08-04 03:57:56', '2020-08-04 03:57:56'),
(54, 'porro', 'Velit sed provident eum. Quasi magni voluptate tempore iste nihil. Rerum nesciunt corporis voluptatum rerum. Quod et at assumenda culpa id quia.', 801, 1, 18, '2020-08-04 03:57:57', '2020-08-04 03:57:57'),
(55, 'et', 'Libero temporibus ea laboriosam praesentium magnam natus. Et deserunt laboriosam accusantium quia ex vero. Voluptatibus iste ullam consequuntur vitae aut ipsum.', 402, 7, 18, '2020-08-04 03:57:57', '2020-08-04 03:57:57'),
(56, 'non', 'Amet eum quo dolorem in iure est dolor suscipit. Quia aut aspernatur voluptatibus est.', 174, 2, 9, '2020-08-04 03:57:57', '2020-08-04 03:57:57'),
(57, 'quo', 'In est nostrum omnis id dignissimos impedit. Quo odit qui aut. Nemo accusamus officiis perspiciatis ex totam totam ipsum.', 982, 3, 25, '2020-08-04 03:57:57', '2020-08-04 03:57:57'),
(58, 'minima', 'Molestias provident magni exercitationem mollitia vitae. Voluptatibus quia vel est iusto. Expedita aut unde aliquam explicabo. Quia dolor ea nulla quibusdam.', 321, 7, 17, '2020-08-04 03:57:57', '2020-08-04 03:57:57'),
(59, 'non', 'Voluptatem dolorem dolore cupiditate sint id nemo voluptates. Dolorem rem eum excepturi debitis quisquam tempore laudantium quia.', 909, 7, 27, '2020-08-04 03:57:57', '2020-08-04 03:57:57'),
(60, 'iure', 'Dolore aperiam expedita tenetur tempore quis qui. Dignissimos quis et officiis quaerat. Laborum est accusantium ut sapiente dolor non quis.', 723, 7, 30, '2020-08-04 03:57:57', '2020-08-04 03:57:57'),
(61, 'voluptas', 'Sunt quae sunt dolores quasi eligendi labore non. Quis quibusdam voluptas autem iusto qui soluta. Ea iusto ut explicabo quos. Necessitatibus beatae labore ut sequi deleniti rerum.', 776, 8, 8, '2020-08-04 03:57:57', '2020-08-04 03:57:57'),
(62, 'non', 'Magnam architecto quos sit sit. Ut quam rerum eligendi qui qui vel dignissimos. Magni at quaerat officia nobis facilis voluptatibus sequi.', 371, 4, 22, '2020-08-04 03:57:57', '2020-08-04 03:57:57'),
(63, 'modi', 'Ut ut id esse sapiente maxime in qui. Quisquam eaque at praesentium corporis sint.', 898, 1, 26, '2020-08-04 03:57:57', '2020-08-04 03:57:57'),
(64, 'illum', 'Officia optio labore dolore est quia et. Est eum deleniti similique molestias quas. Nobis nemo accusamus molestiae.', 106, 9, 12, '2020-08-04 03:57:57', '2020-08-04 03:57:57'),
(65, 'quaerat', 'Quis facere est ea commodi eveniet sed. Aut corporis in unde eum autem eum.', 481, 1, 20, '2020-08-04 03:57:57', '2020-08-04 03:57:57'),
(66, 'dolorem', 'Consectetur nisi eaque necessitatibus aliquid ipsa. Inventore nesciunt qui voluptatem nihil. Porro fugit debitis modi voluptas omnis libero.', 317, 3, 9, '2020-08-04 03:57:57', '2020-08-04 03:57:57'),
(67, 'ut', 'Debitis corrupti suscipit doloribus. Beatae ad dolores soluta nam laudantium dolorum eligendi. Ut consequatur nulla dolore. Excepturi ullam dolore iure et minima aliquid officiis omnis.', 321, 0, 14, '2020-08-04 03:57:57', '2020-08-04 03:57:57'),
(68, 'libero', 'Error quo quasi ut. Dolor vel sapiente repellendus corporis. Temporibus qui natus sit sed. Sunt dolores rerum esse odit.', 681, 0, 20, '2020-08-04 03:57:57', '2020-08-04 03:57:57'),
(69, 'ut', 'Accusamus corporis porro quia beatae pariatur quia sint. Consequatur voluptas ullam beatae nisi consequatur consequuntur necessitatibus modi. Velit sunt culpa natus eos voluptate et. Quis corrupti laborum ut dolor voluptatem et aut.', 753, 7, 7, '2020-08-04 03:57:57', '2020-08-04 03:57:57'),
(70, 'culpa', 'Autem non explicabo non ut ipsa excepturi blanditiis. Vitae eligendi eligendi beatae totam enim. Unde est aut ducimus sed voluptatem laboriosam dolor. Error in deleniti ut laborum nulla cumque.', 420, 9, 21, '2020-08-04 03:57:57', '2020-08-04 03:57:57'),
(71, 'commodi', 'Repellendus vero quaerat voluptatum est. Recusandae sint similique laboriosam repellat sunt soluta. Fuga impedit est dolor harum asperiores consequuntur deserunt labore. Ad neque facilis quia reiciendis alias ut sed. Officia nobis accusamus dolores velit qui.', 918, 2, 29, '2020-08-04 03:57:57', '2020-08-04 03:57:57'),
(72, 'voluptas', 'Quaerat est dolor et. Exercitationem quia et occaecati iusto. Quo aut porro id illum recusandae. Cum iusto expedita et hic a tempore.', 144, 1, 15, '2020-08-04 03:57:57', '2020-08-04 03:57:57'),
(73, 'officia', 'Temporibus enim ut accusantium facilis atque illum voluptas. Nemo atque aliquid assumenda repudiandae.', 117, 1, 15, '2020-08-04 03:57:57', '2020-08-04 03:57:57'),
(74, 'eligendi', 'Vel debitis perspiciatis quis in adipisci earum tenetur. Error eum voluptatibus inventore veritatis harum.', 489, 1, 22, '2020-08-04 03:57:57', '2020-08-04 03:57:57'),
(75, 'vel', 'Eum facilis et voluptatum ut dolores consequuntur. Exercitationem explicabo esse tenetur dolor qui in. Veniam neque ullam soluta animi. Aliquid fugit id ipsam delectus saepe quibusdam voluptas recusandae. Eveniet quisquam consequatur omnis qui eveniet similique vitae.', 641, 4, 27, '2020-08-04 03:57:58', '2020-08-04 03:57:58'),
(76, 'ipsa', 'In omnis deleniti quisquam amet. In id mollitia eius non nam rerum. Ut reprehenderit cumque omnis nihil repudiandae consequatur. Necessitatibus ut sunt itaque impedit laboriosam ipsum est.', 410, 2, 18, '2020-08-04 03:57:58', '2020-08-04 03:57:58'),
(77, 'quos', 'Velit velit provident ut. Omnis id eveniet eos. Accusantium voluptatibus qui ipsam voluptate. Eum saepe quaerat quia animi delectus quia.', 376, 1, 16, '2020-08-04 03:57:58', '2020-08-04 03:57:58'),
(78, 'saepe', 'Voluptatum tempore nesciunt voluptas incidunt. Ut ipsa error at nemo non. Expedita est officiis consequatur cupiditate.', 667, 8, 7, '2020-08-04 03:57:58', '2020-08-04 03:57:58'),
(79, 'omnis', 'Consequatur perspiciatis autem exercitationem quaerat aut. Quis repudiandae cupiditate odio fuga odio. Adipisci dolores sint ut in ut provident libero incidunt. Et ipsum delectus et sit.', 954, 1, 18, '2020-08-04 03:57:58', '2020-08-04 03:57:58'),
(80, 'atque', 'Excepturi officiis modi sint pariatur. Dolorem repudiandae sed et distinctio facilis. Veniam ea sit consequatur odit exercitationem magnam.', 702, 2, 12, '2020-08-04 03:57:58', '2020-08-04 03:57:58'),
(81, 'quo', 'Aperiam amet eligendi repudiandae aperiam. Occaecati quae enim quam incidunt. Blanditiis quia voluptatibus vitae quia alias ipsum voluptate.', 315, 8, 29, '2020-08-04 03:57:58', '2020-08-04 03:57:58'),
(82, 'quae', 'Ipsam minus dolorem similique omnis quibusdam dolore. Fugit ut autem sed quia sunt iusto. Ut qui qui deleniti quasi eos et tempore aliquam. Incidunt labore magni est dicta.', 157, 2, 30, '2020-08-04 03:57:58', '2020-08-04 03:57:58'),
(83, 'eveniet', 'Et commodi beatae voluptatibus error numquam dolorem. Quia molestiae deserunt repellat suscipit vero alias ea. Ab deserunt alias sint magnam et blanditiis.', 822, 2, 27, '2020-08-04 03:57:58', '2020-08-04 03:57:58'),
(84, 'eos', 'Nihil excepturi voluptatem ipsam saepe ab. Atque sed enim magni vel et incidunt molestiae. Amet aut et rerum.', 864, 5, 15, '2020-08-04 03:57:58', '2020-08-04 03:57:58'),
(85, 'sed', 'Et quia omnis ut. Incidunt molestiae praesentium aut id repudiandae. Aut tempora est unde dolorem temporibus laboriosam.', 638, 0, 14, '2020-08-04 03:57:58', '2020-08-04 03:57:58'),
(86, 'iste', 'Voluptates vero dignissimos sint iste hic repudiandae sed. Repellendus et assumenda tenetur et. Esse sint qui illum rerum sit et.', 158, 7, 5, '2020-08-04 03:57:58', '2020-08-04 03:57:58'),
(87, 'rerum', 'Veritatis iste beatae earum ipsam quam. Perspiciatis ea odit repudiandae inventore facere commodi ipsum. Laboriosam hic et asperiores ipsum corrupti consequuntur dolores.', 742, 9, 5, '2020-08-04 03:57:58', '2020-08-04 03:57:58'),
(88, 'fugiat', 'Ducimus sit quo ea sit eaque inventore aliquid. Sit culpa id minus asperiores maxime. Dignissimos consequatur ab natus qui accusamus sit. Quia molestias sapiente ut autem.', 657, 6, 18, '2020-08-04 03:57:58', '2020-08-04 03:57:58'),
(89, 'officia', 'Voluptatem inventore voluptas rerum cupiditate et. Doloribus ea aut quaerat rerum ab. Sint quasi consequatur velit.', 148, 2, 15, '2020-08-04 03:57:58', '2020-08-04 03:57:58'),
(90, 'ducimus', 'Qui consectetur qui repellendus et. Ut est omnis a aut. Illo vitae ratione id id commodi est.', 498, 6, 19, '2020-08-04 03:57:58', '2020-08-04 03:57:58'),
(91, 'non', 'Dolorem qui ea hic quod atque. Facere alias eaque molestiae provident. Quos distinctio itaque ut sit beatae vel quibusdam.', 575, 2, 27, '2020-08-04 03:57:58', '2020-08-04 03:57:58'),
(92, 'sapiente', 'Omnis cupiditate officiis quo nesciunt mollitia harum at. Asperiores eius autem sint repellendus omnis ut ad. Consectetur est expedita modi ut eaque. Vero est aliquid et illo amet voluptate.', 522, 8, 30, '2020-08-04 03:57:58', '2020-08-04 03:57:58'),
(93, 'facilis', 'Expedita accusamus dolor qui cumque magni aperiam quam ullam. Eaque adipisci aut commodi aut corporis et. Rerum sed facere explicabo aspernatur voluptate repellendus qui.', 588, 9, 29, '2020-08-04 03:57:58', '2020-08-04 03:57:58'),
(94, 'enim', 'Error est rerum eos dolor velit est rerum. Dolor et dolorum sed consequatur numquam nihil voluptas animi. Dolorum qui minus asperiores voluptas. Laboriosam odit fugit eius.', 723, 6, 14, '2020-08-04 03:57:58', '2020-08-04 03:57:58'),
(95, 'excepturi', 'Consequuntur inventore sunt nesciunt aperiam qui. Et numquam aspernatur blanditiis consequatur debitis explicabo. Dolores vitae voluptas quasi voluptatibus sed et et.', 732, 1, 19, '2020-08-04 03:57:58', '2020-08-04 03:57:58'),
(96, 'quia', 'In culpa aut est laborum eveniet modi et. Nulla quia omnis ratione asperiores. Sed inventore vitae omnis fugiat est sit et.', 645, 1, 8, '2020-08-04 03:57:58', '2020-08-04 03:57:58'),
(97, 'saepe', 'Labore quaerat tempore laudantium vel quasi quaerat impedit sit. Et est et reprehenderit numquam. Amet officiis itaque aut vel quae eum sunt. Omnis quis eum voluptatem hic animi.', 454, 1, 2, '2020-08-04 03:57:58', '2020-08-04 03:57:58'),
(98, 'incidunt', 'Cum reiciendis et voluptatem cumque. Omnis qui fuga excepturi maiores tempore. Dolor suscipit deleniti consequatur autem enim. Quas dolor quasi quod in fugit velit nihil quia.', 170, 6, 13, '2020-08-04 03:57:58', '2020-08-04 03:57:58'),
(99, 'voluptas', 'Consequuntur consequuntur esse illo natus odit cum quis commodi. Dolores adipisci voluptas voluptatem voluptatem in dolor ut. Non in esse et corporis.', 156, 7, 29, '2020-08-04 03:57:58', '2020-08-04 03:57:58'),
(100, 'ea', 'Soluta autem id cum ad vero. Minima vel veniam qui. Praesentium vel numquam tempore beatae exercitationem et est quo.', 431, 0, 14, '2020-08-04 03:57:58', '2020-08-04 03:57:58');

-- --------------------------------------------------------

--
-- Table structure for table `reviews`
--

CREATE TABLE `reviews` (
  `id` bigint(20) UNSIGNED NOT NULL,
  `product_id` bigint(20) UNSIGNED NOT NULL,
  `customer` varchar(191) COLLATE utf8mb4_unicode_ci NOT NULL,
  `review` text COLLATE utf8mb4_unicode_ci NOT NULL,
  `star` int(11) NOT NULL,
  `created_at` timestamp NULL DEFAULT NULL,
  `updated_at` timestamp NULL DEFAULT NULL
) ENGINE=InnoDB DEFAULT CHARSET=utf8mb4 COLLATE=utf8mb4_unicode_ci;

--
-- Dumping data for table `reviews`
--

INSERT INTO `reviews` (`id`, `product_id`, `customer`, `review`, `star`, `created_at`, `updated_at`) VALUES
(1, 31, 'Robin Trantow', 'Reprehenderit quisquam quia soluta dolore in sit eos voluptatem. Excepturi rem aliquam soluta ut. Nulla voluptate ad voluptatibus corporis. Asperiores velit sit ut. Quos animi excepturi libero.', 2, '2020-08-04 03:58:03', '2020-08-04 03:58:03'),
(2, 62, 'Grant Rolfson', 'Quisquam sed sed in. Odit debitis porro aut illo quos similique sunt. Qui molestiae blanditiis facere at voluptas sequi. Consequatur molestiae et quisquam consequatur non ratione.', 5, '2020-08-04 03:58:03', '2020-08-04 03:58:03'),
(3, 93, 'Kurtis Zieme', 'Unde et reprehenderit ducimus sed voluptas dolor quasi doloremque. A deserunt doloremque voluptate. Esse officiis voluptate dolores qui voluptas dolor accusantium ea. Corrupti quaerat voluptatem enim dolores. Nisi pariatur deleniti rerum rerum impedit est saepe vel.', 4, '2020-08-04 03:58:03', '2020-08-04 03:58:03'),
(4, 8, 'Dr. Deanna Morar', 'Itaque ducimus ea et rerum incidunt consequatur deserunt. Molestias est laboriosam sit iste voluptatum magni et. Illum architecto animi eos eos.', 1, '2020-08-04 03:58:03', '2020-08-04 03:58:03'),
(5, 48, 'Ebba Hettinger', 'Quis rerum numquam autem rerum ex. Ut voluptas saepe commodi molestiae nam. Assumenda ea atque corporis molestiae in. Architecto aperiam quaerat et odit eligendi.', 1, '2020-08-04 03:58:03', '2020-08-04 03:58:03'),
(6, 25, 'Jewel Windler', 'In et voluptas voluptatibus. Quis adipisci expedita sapiente omnis voluptas culpa. Ut dolores possimus molestiae ad id quibusdam quasi. Explicabo et omnis voluptatibus sequi.', 5, '2020-08-04 03:58:03', '2020-08-04 03:58:03'),
(7, 70, 'Retha Beatty', 'Inventore et voluptatibus ea. Nam minima qui eos velit. Voluptate est quas repudiandae quam. Ut voluptas adipisci nemo. Nihil ut adipisci velit.', 0, '2020-08-04 03:58:03', '2020-08-04 03:58:03'),
(8, 79, 'Avery Schowalter', 'Qui mollitia molestiae labore enim neque ipsam aspernatur. Ipsam est reprehenderit et accusantium. Perferendis quia nesciunt et.', 3, '2020-08-04 03:58:03', '2020-08-04 03:58:03'),
(9, 96, 'Nils Dickens', 'Eum cupiditate vero consequatur et ea. Error nemo praesentium quo sed non fugit voluptate. Tempora enim voluptatum quidem ab quia. Rem expedita temporibus soluta est et.', 0, '2020-08-04 03:58:03', '2020-08-04 03:58:03'),
(10, 91, 'Edmund Connelly', 'Cum dolores doloribus sequi perferendis saepe laborum. Ut sit enim autem doloribus. Quia distinctio qui eum eaque.', 5, '2020-08-04 03:58:03', '2020-08-04 03:58:03'),
(11, 5, 'Uriah Ferry PhD', 'Sit nesciunt architecto minima et recusandae. Omnis ut voluptatum in libero quo itaque. Quod velit consequatur quos et.', 2, '2020-08-04 03:58:03', '2020-08-04 03:58:03'),
(12, 15, 'Mr. Raymundo Purdy', 'Error corrupti doloremque quia commodi. Eos omnis ut esse voluptatibus vel odit occaecati. Error rerum ducimus at at nesciunt iure.', 0, '2020-08-04 03:58:03', '2020-08-04 03:58:03'),
(13, 12, 'Miss Thea Wunsch', 'Rem est dolores labore inventore delectus. Explicabo nihil est rerum dignissimos. Eius qui eos illo alias. Nulla nesciunt nam corrupti voluptatem molestias. Tenetur sed rem quia cupiditate saepe.', 3, '2020-08-04 03:58:03', '2020-08-04 03:58:03'),
(14, 93, 'Prof. Cooper Rohan', 'Voluptatem atque cum in et est. Veritatis quidem id eum eos consequuntur sapiente. Doloribus fugit porro ut quo. Maiores in voluptatem dolor provident.', 0, '2020-08-04 03:58:03', '2020-08-04 03:58:03'),
(15, 41, 'Norris Conroy', 'Autem facilis est doloremque suscipit et recusandae. Et dolorem expedita est qui natus perferendis. Praesentium consequuntur optio non optio.', 4, '2020-08-04 03:58:03', '2020-08-04 03:58:03'),
(16, 81, 'Isaiah Legros', 'Cum eum non quaerat at. Eum corporis voluptatem ut nostrum. Iure fugit quae maiores atque. Modi impedit autem id suscipit tenetur minus omnis doloremque.', 3, '2020-08-04 03:58:03', '2020-08-04 03:58:03'),
(17, 82, 'Meda Runte', 'Blanditiis sint sed et hic magnam consectetur. Sequi voluptate mollitia harum omnis doloribus sint. Quibusdam error molestiae et sint mollitia nihil. Quod perferendis facere laudantium aut. Ut doloribus consequatur sunt aut qui.', 2, '2020-08-04 03:58:04', '2020-08-04 03:58:04'),
(18, 54, 'Mr. Dayne Veum', 'Pariatur sed recusandae sed officiis minus distinctio incidunt distinctio. Distinctio blanditiis eaque libero autem incidunt. Reiciendis dolores nulla sed eum maxime quisquam cupiditate.', 5, '2020-08-04 03:58:04', '2020-08-04 03:58:04'),
(19, 39, 'Molly Wilderman', 'Sint qui sapiente officiis magni dicta velit temporibus quis. Dolorum ducimus consequatur nihil perspiciatis adipisci blanditiis inventore voluptas. Maiores eligendi qui nam sed qui.', 3, '2020-08-04 03:58:04', '2020-08-04 03:58:04'),
(20, 10, 'Matteo Frami Jr.', 'Vel ad autem molestias voluptas. Omnis omnis necessitatibus debitis ut error placeat. Nihil voluptatibus distinctio eos qui libero.', 1, '2020-08-04 03:58:04', '2020-08-04 03:58:04'),
(21, 90, 'Emery Lowe', 'Dicta sed qui est id dolorem. Cum quaerat animi ut harum quia unde iste repudiandae.', 4, '2020-08-04 03:58:04', '2020-08-04 03:58:04'),
(22, 62, 'Ms. Rhianna Boyer', 'Officiis consequatur temporibus omnis eveniet assumenda distinctio. Vel aperiam ipsum sed quo voluptates et. Consectetur perspiciatis hic sit temporibus. Totam quam et enim aspernatur corporis quisquam quia.', 1, '2020-08-04 03:58:04', '2020-08-04 03:58:04'),
(23, 93, 'Miss Freda Heaney', 'Est totam nisi quos repellendus ut. Ea voluptas qui illum ut. Aut autem sit nesciunt maiores. Cupiditate provident voluptas provident qui.', 4, '2020-08-04 03:58:04', '2020-08-04 03:58:04'),
(24, 29, 'Alanis Mann', 'Quidem ipsa harum voluptates ex. Molestias eligendi iste rerum unde vel voluptatem. Eum autem ut voluptas aut aut.', 1, '2020-08-04 03:58:04', '2020-08-04 03:58:04'),
(25, 27, 'Brennon Abernathy', 'Sit id ut vel est. Excepturi nesciunt aut corporis sit. Eveniet tempore consequatur culpa nam recusandae. Officia tenetur labore nostrum non. Corporis adipisci aperiam sed quisquam voluptatibus expedita est.', 5, '2020-08-04 03:58:04', '2020-08-04 03:58:04'),
(26, 54, 'Natalia Parker', 'Minus et labore suscipit nesciunt. Harum at unde et rem molestias. Amet fugit quae soluta natus. Praesentium voluptatem expedita eos iusto quia delectus.', 1, '2020-08-04 03:58:04', '2020-08-04 03:58:04'),
(27, 22, 'Verlie Pagac MD', 'Numquam aut tenetur repudiandae voluptatem odit occaecati doloribus ut. Quaerat corporis aspernatur id aut aperiam laborum. At cumque expedita cum provident suscipit. Est voluptates unde cum perferendis labore perferendis doloremque.', 1, '2020-08-04 03:58:04', '2020-08-04 03:58:04'),
(28, 3, 'Dr. Walter Zemlak Sr.', 'Dignissimos qui et occaecati odit quia iste. Voluptas at quo quis praesentium excepturi officiis. Sapiente est cumque quaerat praesentium ut adipisci sit. Enim voluptatibus voluptatem suscipit in est sit voluptas aut.', 3, '2020-08-04 03:58:04', '2020-08-04 03:58:04'),
(29, 67, 'Mohammed Gerlach', 'Nihil aut ea aliquid voluptatem. Animi aperiam sint minus dolor velit laudantium. Consequuntur omnis ad beatae numquam. Quibusdam magnam molestias nisi eum distinctio reprehenderit.', 3, '2020-08-04 03:58:04', '2020-08-04 03:58:04'),
(30, 41, 'Bradford Little', 'Nihil nihil hic non quia quibusdam sint. Qui dignissimos a veniam possimus et ab sed reiciendis.', 5, '2020-08-04 03:58:04', '2020-08-04 03:58:04'),
(31, 24, 'Viva Kovacek Sr.', 'Doloribus veniam atque atque minima aut. Repudiandae nihil pariatur laborum ea blanditiis.', 1, '2020-08-04 03:58:04', '2020-08-04 03:58:04'),
(32, 55, 'Retha Rodriguez', 'Quod praesentium dolores animi et reiciendis occaecati in. Et amet distinctio ipsam sed. Aut modi esse est nihil amet. Quia quia et blanditiis.', 4, '2020-08-04 03:58:04', '2020-08-04 03:58:04'),
(33, 90, 'Prof. Pasquale Harris Sr.', 'Animi quia dolore optio architecto eos in. Ut accusantium delectus rerum magni eos omnis.', 4, '2020-08-04 03:58:04', '2020-08-04 03:58:04'),
(34, 41, 'Zena Okuneva', 'Dolores maxime officiis minus illo eaque. Similique dolores voluptas consequuntur quam a nulla. Totam impedit non sit eaque et nisi quas ab. Qui magni voluptas qui consequatur labore iste.', 0, '2020-08-04 03:58:04', '2020-08-04 03:58:04'),
(35, 24, 'Paige Waters I', 'Dolores hic ex praesentium nisi rerum in. Quae sed sapiente eius consequuntur. Voluptate quibusdam accusamus aliquid quia autem molestiae voluptatem.', 3, '2020-08-04 03:58:04', '2020-08-04 03:58:04'),
(36, 92, 'Bruce Denesik', 'Beatae provident suscipit quaerat quia. Rem et aperiam voluptatem quibusdam omnis natus aut et. Consequatur modi voluptatibus magnam placeat qui nisi voluptas. Aliquid ut odit et qui. Et quo a libero officiis.', 0, '2020-08-04 03:58:04', '2020-08-04 03:58:04'),
(37, 31, 'Jasmin Kshlerin', 'Voluptate sunt qui dicta laborum. Illum facilis vel ducimus suscipit possimus natus quaerat. Ut saepe dolores possimus laudantium.', 1, '2020-08-04 03:58:04', '2020-08-04 03:58:04'),
(38, 3, 'Milan Walsh DDS', 'Vel atque possimus itaque velit facilis rerum. In recusandae et minus ipsam quasi. Autem tempora illo quia. Et dolorum aut qui nesciunt nihil qui eos suscipit.', 1, '2020-08-04 03:58:04', '2020-08-04 03:58:04'),
(39, 99, 'Devan Lebsack', 'Aut eum totam voluptas distinctio et dignissimos a. Quasi deleniti dolores quia assumenda consequuntur et. Adipisci qui ab ea incidunt perferendis et et. Delectus dicta aliquid sequi.', 0, '2020-08-04 03:58:04', '2020-08-04 03:58:04'),
(40, 51, 'Rocky Nolan', 'Omnis aut nesciunt necessitatibus fuga voluptatem. Distinctio vitae quos possimus quis adipisci amet ratione. Magni quidem et temporibus ut similique tempore.', 2, '2020-08-04 03:58:04', '2020-08-04 03:58:04'),
(41, 87, 'Dr. Rosetta Gutmann III', 'Id consectetur ut quae voluptatem qui veritatis. Rem blanditiis voluptates eaque rerum sint omnis quia.', 5, '2020-08-04 03:58:04', '2020-08-04 03:58:04'),
(42, 58, 'Dr. Nat Davis Sr.', 'Deserunt provident necessitatibus ratione. Odio veritatis nostrum et commodi laudantium id. Voluptatem eum quis rem sit.', 2, '2020-08-04 03:58:04', '2020-08-04 03:58:04'),
(43, 9, 'Mariah Treutel MD', 'Dolorum fuga repudiandae quaerat culpa. Est odit non dolorem quisquam quasi reprehenderit animi. Blanditiis rem adipisci doloribus optio molestiae. Voluptatem est molestiae atque rerum dolores.', 5, '2020-08-04 03:58:05', '2020-08-04 03:58:05'),
(44, 23, 'Prof. Keaton Auer I', 'Nam dolorem eos dolor. Et quam itaque delectus labore et qui. Fuga illum vel quod ut ad maxime dolore.', 0, '2020-08-04 03:58:05', '2020-08-04 03:58:05'),
(45, 9, 'Ms. Vesta Hahn II', 'Asperiores alias eveniet ex vel fugit ratione. Praesentium non sit officiis asperiores odit. Sed repudiandae et minima vitae qui ut animi.', 4, '2020-08-04 03:58:05', '2020-08-04 03:58:05'),
(46, 64, 'Melvin Fisher', 'Et dolorum quos dolorem harum. Sunt cum ut dicta nulla in labore modi. Aut culpa rem doloribus molestiae exercitationem exercitationem laboriosam ut. Explicabo autem atque vero deleniti. Sint rerum veniam ullam omnis.', 0, '2020-08-04 03:58:05', '2020-08-04 03:58:05'),
(47, 9, 'Mozell Hilpert', 'A quos in reiciendis aliquam. Voluptatibus facilis odit illum ea nulla. Qui perferendis nostrum repellendus voluptatem error.', 3, '2020-08-04 03:58:05', '2020-08-04 03:58:05'),
(48, 41, 'Kenna Watsica', 'Maiores alias eius voluptas eos et et aut. Ipsa in et animi quo sint nobis nesciunt quibusdam. Nihil qui corrupti voluptatum qui minus atque ut quidem.', 0, '2020-08-04 03:58:05', '2020-08-04 03:58:05'),
(49, 100, 'Nathan Spencer', 'Quis possimus sit odit excepturi. Error commodi impedit amet mollitia amet. Et distinctio aut sit quisquam et.', 0, '2020-08-04 03:58:05', '2020-08-04 03:58:05'),
(50, 10, 'Brandi Schaefer', 'Temporibus sed et quaerat neque. Vel quibusdam occaecati excepturi odio consequatur eum voluptatem molestias. Eos ducimus quam quis suscipit. Rerum alias delectus corporis dolores consequatur nemo cum.', 2, '2020-08-04 03:58:05', '2020-08-04 03:58:05'),
(51, 7, 'Janie Prosacco', 'Voluptas dolorum excepturi omnis unde ipsam consequatur. Odio ex error sequi illum voluptatibus. Architecto placeat velit facilis aspernatur cupiditate. Consequatur tenetur adipisci dolor quo tenetur.', 3, '2020-08-04 03:58:05', '2020-08-04 03:58:05'),
(52, 46, 'Ted Williamson', 'Aliquid voluptatibus deserunt nulla et aspernatur consequuntur. Vitae repellat commodi facere reprehenderit. Numquam culpa provident consequatur fugit est veniam. Tempora ab tempore expedita facere.', 4, '2020-08-04 03:58:05', '2020-08-04 03:58:05'),
(53, 36, 'Elenor Stokes', 'Eius dolores a dignissimos architecto omnis. Voluptates aut id ut sint non qui. Voluptate placeat corporis quo quis officiis. Laboriosam nisi aut est sed tempora et.', 0, '2020-08-04 03:58:05', '2020-08-04 03:58:05'),
(54, 59, 'Alyson McGlynn', 'Tempore tempore nam quia voluptatem voluptatibus iusto molestias. Placeat deserunt sequi tenetur veritatis blanditiis. Ducimus recusandae et qui. Perferendis sint placeat perspiciatis. Et corrupti sit ea quam accusantium itaque eum.', 5, '2020-08-04 03:58:05', '2020-08-04 03:58:05'),
(55, 46, 'Amie Ondricka', 'Rem nesciunt consectetur placeat doloribus a id cum et. Optio reprehenderit hic iste quo veniam maxime sunt. Molestiae qui eius corrupti dolorem eum dolor eos.', 5, '2020-08-04 03:58:05', '2020-08-04 03:58:05'),
(56, 85, 'Kelvin Stracke', 'Aspernatur debitis ea delectus velit mollitia sed. Est delectus consequatur quae et ea voluptatem nulla. Blanditiis vitae aut qui voluptatem ducimus nulla.', 2, '2020-08-04 03:58:05', '2020-08-04 03:58:05'),
(57, 62, 'Citlalli Dare', 'Explicabo numquam eaque et perferendis quisquam. Et et qui provident quo optio. Quasi ab nam illo repellendus laboriosam enim accusantium. Vel architecto velit reprehenderit.', 5, '2020-08-04 03:58:05', '2020-08-04 03:58:05'),
(58, 67, 'Marge Walker', 'Debitis necessitatibus temporibus et ut qui veniam velit. Nemo consectetur incidunt nisi impedit doloremque consequatur enim culpa. Quia libero omnis nisi quia.', 5, '2020-08-04 03:58:05', '2020-08-04 03:58:05'),
(59, 13, 'John Bartell', 'Sunt nisi facere ea omnis sint eius quasi. Omnis distinctio a recusandae. Hic temporibus nemo aut dolorum sed. Assumenda asperiores tempore hic earum sequi similique. Eos qui consequatur explicabo quisquam ut velit nihil officia.', 0, '2020-08-04 03:58:05', '2020-08-04 03:58:05'),
(60, 1, 'Jane Stoltenberg', 'Officia ea dolores esse corporis eos inventore. Dolorem architecto necessitatibus quidem voluptas occaecati. Fugit totam sunt corrupti temporibus.', 3, '2020-08-04 03:58:05', '2020-08-04 03:58:05'),
(61, 99, 'Haylie Jenkins', 'Aut earum quos atque suscipit. Commodi soluta aperiam molestias voluptas error enim vel. Laboriosam soluta minima perferendis unde magni fugiat quia. Laboriosam qui dolor omnis exercitationem.', 5, '2020-08-04 03:58:05', '2020-08-04 03:58:05'),
(62, 86, 'Orland Goodwin', 'Dolores impedit optio numquam officia. Voluptatem nisi distinctio explicabo odit vero sit. Aut voluptatem hic fuga non quidem. Dignissimos vel at assumenda deserunt corrupti quas voluptatem dolores.', 3, '2020-08-04 03:58:05', '2020-08-04 03:58:05'),
(63, 84, 'Porter O\'Reilly IV', 'Molestiae atque et corrupti reprehenderit distinctio et dolorum. Suscipit repellat maiores sed corporis eum dolorem. Ad recusandae aspernatur nobis facere accusamus. Voluptates sed labore quasi nostrum.', 2, '2020-08-04 03:58:05', '2020-08-04 03:58:05'),
(64, 34, 'Haleigh Ferry', 'Et culpa aut et quo. Incidunt eos qui qui reprehenderit quod consequuntur quasi pariatur. Veritatis numquam id voluptate quidem asperiores.', 3, '2020-08-04 03:58:05', '2020-08-04 03:58:05'),
(65, 6, 'Cathy Murazik II', 'Facilis suscipit omnis ut fugit. Rerum eius architecto voluptatem deserunt iusto. Officiis sit deleniti culpa omnis sed enim odit.', 5, '2020-08-04 03:58:05', '2020-08-04 03:58:05'),
(66, 28, 'Reilly Mraz Sr.', 'Libero et atque vel cupiditate dolorum. Quam rerum vero officiis. Voluptas minima quasi quas odio est quos inventore. Labore quam dignissimos voluptatibus placeat repellendus. Ut et mollitia modi blanditiis.', 0, '2020-08-04 03:58:05', '2020-08-04 03:58:05'),
(67, 70, 'Kendra Larkin IV', 'Odit sequi consectetur consequatur vel et autem tempora. Est et id dolores enim ea. Sunt dignissimos ipsa saepe est. Voluptas non officia sed aut velit beatae accusamus.', 4, '2020-08-04 03:58:06', '2020-08-04 03:58:06'),
(68, 77, 'Dr. Johnathan Erdman', 'Dolor et eligendi ducimus eveniet ut quia sed. Aut voluptatum qui debitis officia. Est similique nihil soluta. Praesentium voluptatem ipsa quaerat quibusdam.', 1, '2020-08-04 03:58:06', '2020-08-04 03:58:06'),
(69, 97, 'Leora Jacobi Jr.', 'Deserunt suscipit provident assumenda corrupti voluptatem dolores. Veritatis aut sed et veritatis cum dicta. Recusandae tempore inventore molestias praesentium fuga quod consequatur.', 0, '2020-08-04 03:58:06', '2020-08-04 03:58:06'),
(70, 16, 'Jonathon Jerde', 'Dolorem amet velit cum vel non nam doloribus. Laboriosam impedit nostrum quia aut nostrum quisquam. Voluptates modi magni inventore totam similique voluptatem. Qui sed repellat quaerat a est iusto enim sequi.', 1, '2020-08-04 03:58:06', '2020-08-04 03:58:06'),
(71, 29, 'Kathlyn Hudson', 'Laborum qui quia sunt aut nihil vel. Pariatur amet omnis excepturi enim provident. Veritatis voluptas sunt quia. Excepturi soluta voluptas voluptas in tempora.', 3, '2020-08-04 03:58:06', '2020-08-04 03:58:06'),
(72, 73, 'Harmony Berge', 'Expedita reprehenderit eaque porro sequi ut deserunt. Pariatur beatae quod qui. Aspernatur enim accusamus distinctio omnis deserunt magni explicabo. A non aut velit deleniti.', 2, '2020-08-04 03:58:06', '2020-08-04 03:58:06'),
(73, 21, 'Ari Weissnat', 'Quia impedit alias est praesentium et odio a. Consequuntur nihil consequatur voluptatem placeat. Sed eos dolorem ex. Quo aut molestias aliquid qui nam ipsam molestiae.', 0, '2020-08-04 03:58:06', '2020-08-04 03:58:06'),
(74, 45, 'Prof. Keanu Frami I', 'Repellendus omnis id aliquid ratione eaque et debitis. Et eos itaque quia tenetur debitis. Magni est veritatis earum sequi ea reprehenderit.', 4, '2020-08-04 03:58:06', '2020-08-04 03:58:06'),
(75, 85, 'Garett Dooley', 'Beatae id harum incidunt iste explicabo fuga vero. Blanditiis quis inventore explicabo et fugit facere. Vitae vel iusto fugiat earum ut maxime. Assumenda voluptas alias occaecati asperiores ut non ut nisi.', 4, '2020-08-04 03:58:06', '2020-08-04 03:58:06'),
(76, 83, 'Prof. Ayla Bechtelar Jr.', 'Qui ducimus quisquam officiis quia molestiae sed dolores labore. Laboriosam labore cumque ipsa ducimus. Pariatur dolorum sit amet non culpa libero. Et et fuga aut voluptatibus ipsa aliquid quis. Quod quam sed ratione sunt.', 5, '2020-08-04 03:58:06', '2020-08-04 03:58:06'),
(77, 95, 'Mrs. Erica McLaughlin Sr.', 'Quibusdam est nemo est. Aperiam rerum dolore dolorem consequatur maiores nam consequatur. Ut quia amet molestiae tempora aut sed et quis. Nihil eum quia et eum sapiente quo.', 3, '2020-08-04 03:58:06', '2020-08-04 03:58:06'),
(78, 55, 'Horace Breitenberg Sr.', 'Exercitationem voluptatem minima soluta dignissimos atque laudantium possimus. Ut voluptatem ut ad excepturi. Tempore sint officiis mollitia cupiditate.', 2, '2020-08-04 03:58:06', '2020-08-04 03:58:06'),
(79, 97, 'Wallace Ferry', 'Laboriosam quaerat et possimus aut nobis. Fuga perspiciatis molestiae quas et. Voluptates expedita voluptatem velit a. Commodi maxime necessitatibus nostrum sit.', 4, '2020-08-04 03:58:06', '2020-08-04 03:58:06'),
(80, 39, 'Jeromy Pfannerstill', 'Dolores dicta magnam qui perspiciatis suscipit aliquid. Nemo alias culpa veritatis ipsa. Voluptatem iusto impedit qui possimus eius magni. Non qui maiores eius ea amet tenetur voluptas.', 2, '2020-08-04 03:58:06', '2020-08-04 03:58:06'),
(81, 25, 'Dr. Estell Spinka DDS', 'Nobis rerum dignissimos voluptas voluptatem dolorum. Pariatur repellendus qui quis et consectetur voluptatem. Minus cum et ducimus et suscipit nobis explicabo.', 0, '2020-08-04 03:58:06', '2020-08-04 03:58:06'),
(82, 89, 'Jeffrey Willms V', 'Enim delectus est asperiores voluptas dicta ipsum. Id nulla voluptatem sunt rerum. Ea sed beatae rerum enim consequatur.', 4, '2020-08-04 03:58:06', '2020-08-04 03:58:06'),
(83, 9, 'Maddison Bernier', 'Itaque omnis libero reprehenderit velit est occaecati. Et consequatur explicabo iure occaecati corrupti aut. Vero aut hic qui ea sit. Minus qui ex ab.', 4, '2020-08-04 03:58:06', '2020-08-04 03:58:06'),
(84, 27, 'Kendrick Hessel', 'Iste labore eaque fugit autem deleniti repellat incidunt. Non ducimus est enim eius officia.', 0, '2020-08-04 03:58:06', '2020-08-04 03:58:06'),
(85, 13, 'Dr. Diana Durgan', 'Earum excepturi illo sed nesciunt consequatur. Excepturi magnam voluptatem et autem voluptatibus. Fuga tempore amet error aut ipsam natus quasi amet.', 2, '2020-08-04 03:58:06', '2020-08-04 03:58:06'),
(86, 62, 'Michel West', 'Recusandae dolorem et velit consectetur ea. Hic blanditiis et voluptatem nesciunt optio. Autem voluptas quia laborum dolore sunt aut. Omnis laboriosam illum minima omnis recusandae.', 0, '2020-08-04 03:58:06', '2020-08-04 03:58:06'),
(87, 64, 'Dr. Corene Pagac V', 'Dolorum et hic pariatur. Voluptate fugit qui est dolorem facilis sapiente et. Dolores molestiae omnis et et aspernatur necessitatibus quisquam eos.', 5, '2020-08-04 03:58:06', '2020-08-04 03:58:06'),
(88, 82, 'Wilber Stroman I', 'Debitis nesciunt sapiente aliquid asperiores soluta et modi. Provident quisquam temporibus repellat corrupti sed ducimus. Tempore a voluptatem et.', 4, '2020-08-04 03:58:06', '2020-08-04 03:58:06'),
(89, 77, 'Katelynn Jakubowski', 'Perferendis quibusdam et fugit magnam quod. Numquam quo consequatur repellendus quo. Quod veritatis ea aut distinctio.', 4, '2020-08-04 03:58:06', '2020-08-04 03:58:06'),
(90, 94, 'Kayli Bechtelar', 'Aut recusandae deserunt totam esse tenetur. Incidunt et omnis est et voluptatem nulla aut. Quidem eligendi libero dolorem animi id accusamus. Harum officia ut officia doloribus dolores et dolorem.', 3, '2020-08-04 03:58:06', '2020-08-04 03:58:06'),
(91, 54, 'Luna Waters III', 'Quia neque occaecati nihil repudiandae et neque. Debitis voluptates ut esse et totam beatae quis. Molestias repellendus autem sit eveniet nihil quo dolore atque.', 1, '2020-08-04 03:58:07', '2020-08-04 03:58:07'),
(92, 21, 'Nils Vandervort', 'Ducimus fugiat a eveniet. Numquam et dolor voluptatem repellat enim repudiandae aspernatur dicta. Consequatur doloribus placeat vel sunt dolorem nisi. Qui voluptatem earum perspiciatis amet magni quia recusandae.', 0, '2020-08-04 03:58:07', '2020-08-04 03:58:07'),
(93, 10, 'Lucius Lind', 'Aliquid fuga labore fugiat culpa ut omnis nam est. Quis incidunt cupiditate modi temporibus non. Nostrum reprehenderit in nobis laudantium.', 1, '2020-08-04 03:58:07', '2020-08-04 03:58:07'),
(94, 39, 'Prof. Diana Crona', 'Distinctio voluptatem omnis est expedita. Animi molestias corrupti quod est libero aut. Iusto culpa voluptas possimus quam. Animi earum omnis repudiandae ut voluptates.', 1, '2020-08-04 03:58:07', '2020-08-04 03:58:07'),
(95, 12, 'Melyssa Schimmel', 'Itaque qui nostrum rerum laudantium quia. Nihil pariatur dolores in qui. Laborum asperiores illum ut qui voluptas.', 1, '2020-08-04 03:58:07', '2020-08-04 03:58:07'),
(96, 4, 'Eliezer Predovic IV', 'Minima eum et omnis incidunt assumenda est et. Quasi omnis aut laboriosam fuga eius in nisi. Earum id voluptatibus non iusto. Eos aut sit ut aliquid culpa maxime.', 1, '2020-08-04 03:58:07', '2020-08-04 03:58:07'),
(97, 43, 'Anabelle Dickinson', 'Voluptas aut amet ab ipsam doloremque reiciendis eum. Est odio ut accusantium voluptas doloribus libero. Aliquid eos quaerat sint iure beatae. Doloribus repellat omnis cupiditate id quas.', 1, '2020-08-04 03:58:07', '2020-08-04 03:58:07'),
(98, 92, 'Joesph Kub', 'In enim molestias commodi voluptatem et facilis. Praesentium sunt qui sunt repellat assumenda sed. Rerum vitae fugiat sequi enim est eos quaerat occaecati. Harum voluptas autem ut animi tenetur nisi.', 1, '2020-08-04 03:58:07', '2020-08-04 03:58:07'),
(99, 43, 'Christina Bernier', 'Sit labore et accusantium maxime ut. Et excepturi aut dolorem debitis est vel autem quia. Excepturi dolorem labore nesciunt provident amet.', 4, '2020-08-04 03:58:07', '2020-08-04 03:58:07'),
(100, 49, 'Mr. Dagmar Brekke V', 'Porro inventore consequatur illo nisi qui aut. Neque ipsa eum harum autem velit iure necessitatibus qui. Ipsam architecto est non repellendus. Dicta ea voluptates reiciendis. Quam placeat sit quasi.', 3, '2020-08-04 03:58:07', '2020-08-04 03:58:07'),
(101, 79, 'Prof. Kaya Franecki PhD', 'Placeat velit recusandae rerum autem maiores. Praesentium cumque impedit ratione. Sequi aperiam odio eveniet et impedit quos iusto. Voluptatem distinctio ut illo quibusdam.', 0, '2020-08-04 03:58:07', '2020-08-04 03:58:07'),
(102, 39, 'Prof. Laverna Schumm', 'Eius quam perspiciatis suscipit et. Commodi non eaque odit aut. Aut eos facere eos quas est. Quam aut inventore provident ea est earum.', 0, '2020-08-04 03:58:07', '2020-08-04 03:58:07'),
(103, 31, 'Jaren Metz', 'Commodi id qui deserunt voluptatum velit minus minus. Et sequi nesciunt molestiae molestiae nemo deleniti temporibus. Rerum eaque porro reprehenderit excepturi ipsum enim sed. Ab molestias consequuntur voluptatem non et corporis doloribus.', 1, '2020-08-04 03:58:07', '2020-08-04 03:58:07'),
(104, 97, 'Yolanda Swift DVM', 'Et hic at dolore odit dolores quaerat adipisci. Possimus velit dolores a quo nisi. Et quo fugit in.', 5, '2020-08-04 03:58:07', '2020-08-04 03:58:07'),
(105, 10, 'Mathew Dietrich Sr.', 'Amet tempore doloremque exercitationem quas ducimus est. Vitae modi earum molestiae possimus facilis. Voluptas voluptatum culpa ea hic atque modi ex nesciunt.', 5, '2020-08-04 03:58:07', '2020-08-04 03:58:07'),
(106, 25, 'Cora Reynolds', 'Nulla aut omnis pariatur aut et rerum neque. Porro corrupti ut quod et ut assumenda odit cum. Sunt qui a reiciendis hic aut provident. Nesciunt quia sit et porro accusamus optio sed.', 4, '2020-08-04 03:58:07', '2020-08-04 03:58:07'),
(107, 9, 'Charlie Baumbach', 'Ut quia eveniet aliquid et eos qui iure. Aut rerum doloremque odio quos ut odit non. Assumenda nobis hic tenetur sint soluta eum. Voluptas nisi dolor corrupti sit delectus dolore.', 2, '2020-08-04 03:58:07', '2020-08-04 03:58:07'),
(108, 30, 'Dr. Lyda Torphy', 'Molestias tempore ut dolore quam quidem ea. Ab fugiat et nostrum nostrum rerum ad animi id. Voluptatem vero a et corrupti aut perferendis.', 4, '2020-08-04 03:58:07', '2020-08-04 03:58:07'),
(109, 21, 'Mr. Kole Wehner', 'Qui illo quae explicabo qui. Veritatis rerum assumenda porro sit. Nulla laborum quia nihil molestiae fugiat ad. Autem et vitae nobis nesciunt ullam laboriosam iusto.', 0, '2020-08-04 03:58:07', '2020-08-04 03:58:07'),
(110, 72, 'Vernon Altenwerth', 'Impedit et nam rerum dolorum ipsam est. Similique reprehenderit consequatur sapiente rem sed. Minima provident totam aut ut vel beatae nesciunt.', 1, '2020-08-04 03:58:07', '2020-08-04 03:58:07'),
(111, 27, 'Kasey Waters', 'Quod facilis enim et minus sequi dolorum qui. Est iusto voluptatem deleniti enim excepturi possimus distinctio. In dolores totam ut eos.', 1, '2020-08-04 03:58:07', '2020-08-04 03:58:07'),
(112, 42, 'Margaretta Zemlak', 'Perferendis et laudantium non. Voluptas ut minima a aliquid est ipsa aut. Consequatur enim officia similique explicabo.', 0, '2020-08-04 03:58:07', '2020-08-04 03:58:07'),
(113, 43, 'Dr. Winona Kirlin MD', 'Adipisci iste blanditiis alias perferendis aut veniam. Tempora exercitationem veniam exercitationem quod nemo quibusdam. Culpa quasi corrupti sapiente corporis.', 0, '2020-08-04 03:58:07', '2020-08-04 03:58:07'),
(114, 18, 'Britney Schmitt', 'Sint ut repellendus reprehenderit dolores. In quia odit et a possimus est. Laudantium harum aut est cumque.', 0, '2020-08-04 03:58:07', '2020-08-04 03:58:07'),
(115, 51, 'Juvenal Prosacco', 'Tempore optio possimus autem excepturi nostrum. Odit dicta impedit voluptate fugiat ut ut earum. Voluptates nemo explicabo et et ratione. Enim molestias esse tenetur vero.', 4, '2020-08-04 03:58:07', '2020-08-04 03:58:07'),
(116, 41, 'Cullen Bergstrom', 'Soluta molestiae et dolor rerum eveniet aliquid eaque. Inventore at in architecto corrupti. Qui molestiae blanditiis sequi. Mollitia ea repellendus fugiat atque saepe sint excepturi. Quo veritatis consequatur dignissimos quia voluptas.', 5, '2020-08-04 03:58:08', '2020-08-04 03:58:08'),
(117, 44, 'Stephanie Feil II', 'Soluta ut praesentium aspernatur consequatur ipsa unde quis ut. Deserunt doloremque qui delectus est est esse. Aut quaerat ut perferendis minus quod. Consequatur aut cumque velit itaque accusantium vitae.', 1, '2020-08-04 03:58:08', '2020-08-04 03:58:08'),
(118, 48, 'Mrs. Yoshiko Morissette', 'Ducimus earum ut facere quibusdam sunt non. Maiores nihil fugit velit in repellendus. Eum autem totam eos sit id corporis consequatur. Odio accusamus modi unde atque exercitationem et.', 5, '2020-08-04 03:58:08', '2020-08-04 03:58:08'),
(119, 1, 'Ms. Mya Heathcote DDS', 'Explicabo eum voluptatem quisquam magni et voluptatem sunt. Sequi porro nihil est in voluptates. Libero quos voluptas dolores dicta odio voluptatibus et.', 3, '2020-08-04 03:58:08', '2020-08-04 03:58:08'),
(120, 11, 'Dangelo Predovic Jr.', 'Voluptatem architecto nobis fuga qui est officiis maiores. Nihil facere incidunt maiores dignissimos quidem. Aut reiciendis dolores aut id. Et ipsam quidem ut.', 2, '2020-08-04 03:58:08', '2020-08-04 03:58:08'),
(121, 16, 'Prof. Augusta Lehner', 'Est enim quia quasi quaerat provident. Rerum eius nesciunt harum veniam voluptas et. Error sed qui error occaecati. Animi eveniet nisi libero sapiente distinctio.', 3, '2020-08-04 03:58:08', '2020-08-04 03:58:08'),
(122, 10, 'Dr. Laura Stracke', 'Officia odit recusandae necessitatibus ut deserunt eaque accusantium. Neque qui dolorum ut quis. Illo nesciunt placeat ut. Blanditiis asperiores vel officiis facilis necessitatibus exercitationem et.', 5, '2020-08-04 03:58:08', '2020-08-04 03:58:08'),
(123, 31, 'Kaci Hand', 'Non aliquam quod esse ut. Pariatur libero laborum expedita dicta. Aperiam amet sequi qui incidunt dolor.', 0, '2020-08-04 03:58:08', '2020-08-04 03:58:08'),
(124, 62, 'Jaycee Rutherford', 'Aspernatur consequuntur in harum consequatur cupiditate qui consequatur. Dignissimos facilis quidem dolor autem. Ex quia vitae earum et. Excepturi vel praesentium eligendi qui qui.', 0, '2020-08-04 03:58:08', '2020-08-04 03:58:08'),
(125, 97, 'Jaydon Romaguera', 'Unde sed provident quia ea dolore. Laborum aspernatur fugit dolores voluptas ut et iusto. Vel consectetur doloribus dolores fugit voluptas. Sit tenetur qui est beatae sed reprehenderit. Provident nemo veritatis illo dolor repudiandae molestiae.', 0, '2020-08-04 03:58:08', '2020-08-04 03:58:08'),
(126, 13, 'Sonya Wunsch', 'Animi eum sint qui impedit. Aut quia et distinctio officiis incidunt voluptatem quam placeat. Cumque molestiae rem maxime consequuntur cupiditate.', 3, '2020-08-04 03:58:08', '2020-08-04 03:58:08'),
(127, 48, 'Dr. Dallin Wisoky', 'Aliquid nobis temporibus qui quidem voluptas deleniti. Sunt nostrum et perspiciatis velit minima sunt quis. Esse tempora quidem ex est recusandae eligendi quidem. Magnam inventore sed voluptatum perferendis.', 1, '2020-08-04 03:58:08', '2020-08-04 03:58:08'),
(128, 40, 'Mr. Elton Beier', 'Eum est perspiciatis hic qui et ullam est. Velit facere eius repudiandae sit maxime temporibus. Ea aut molestias magnam labore est.', 5, '2020-08-04 03:58:08', '2020-08-04 03:58:08'),
(129, 59, 'Prof. Alia Cole PhD', 'Modi eveniet occaecati voluptatem hic vitae similique rem enim. Et fugiat voluptate animi quos qui. Qui eaque nihil hic eum laborum consequatur. Placeat commodi est velit enim. Qui qui accusantium et qui sint.', 5, '2020-08-04 03:58:08', '2020-08-04 03:58:08'),
(130, 100, 'Onie Gutkowski', 'Quasi corrupti eum officia eos iste inventore. Itaque quia odio voluptatem enim eaque laudantium. Quia fuga fugiat est dolorem quia delectus eos inventore.', 1, '2020-08-04 03:58:08', '2020-08-04 03:58:08'),
(131, 97, 'Ms. Malika Stoltenberg IV', 'Ut rem et facere sit ea ea accusamus. Ut omnis reiciendis nisi non. Voluptatem odio veritatis perspiciatis nihil saepe ut et alias. Et sint adipisci vero perferendis animi.', 4, '2020-08-04 03:58:08', '2020-08-04 03:58:08'),
(132, 72, 'Dr. Alfreda Abbott', 'Fuga voluptatem eligendi fugit ut et. Pariatur at et laborum. Recusandae rem qui magni voluptatem. Iusto et possimus mollitia nam ea consectetur autem.', 4, '2020-08-04 03:58:08', '2020-08-04 03:58:08'),
(133, 3, 'Dean Romaguera IV', 'Sunt sapiente asperiores est porro sint libero. Voluptatem totam voluptas ut aut. Odit voluptas beatae at ut labore quas pariatur est.', 5, '2020-08-04 03:58:08', '2020-08-04 03:58:08'),
(134, 70, 'Craig Nienow', 'Optio perferendis debitis quae exercitationem sed. Ex rerum sint laborum magnam aut. Quia totam quos labore est consequatur.', 5, '2020-08-04 03:58:08', '2020-08-04 03:58:08'),
(135, 83, 'Ms. Simone Daugherty Sr.', 'Perspiciatis incidunt quam et. Incidunt ipsa ut qui temporibus et. Occaecati quae velit repudiandae minima.', 5, '2020-08-04 03:58:08', '2020-08-04 03:58:08'),
(136, 6, 'Josie Keeling', 'Et et officiis ipsa fuga impedit maiores iste. Nihil sint qui quas quae beatae. Odio aperiam illo non possimus corrupti ratione.', 5, '2020-08-04 03:58:08', '2020-08-04 03:58:08'),
(137, 58, 'Lenna Kemmer', 'Impedit illum sed provident debitis molestiae est numquam. Eveniet nam beatae id accusamus maiores labore. Et ut quaerat molestias non consequatur mollitia. Quia debitis consequatur id qui atque quis ipsa. Nostrum sed molestiae accusantium.', 1, '2020-08-04 03:58:08', '2020-08-04 03:58:08'),
(138, 76, 'Nasir Jaskolski', 'Est voluptate adipisci enim sit. Non mollitia autem corrupti aperiam. Placeat non fugit similique ipsam similique ea voluptatibus. Saepe praesentium soluta dolores.', 1, '2020-08-04 03:58:08', '2020-08-04 03:58:08'),
(139, 11, 'Dr. Morgan Hodkiewicz', 'Ex omnis eum aut dolor. Non excepturi quae rem ipsum eius iusto. Vel autem natus possimus molestias nihil.', 2, '2020-08-04 03:58:08', '2020-08-04 03:58:08'),
(140, 85, 'Dr. Keven Larkin', 'Dolor et ad adipisci ut debitis mollitia unde. Aspernatur nulla et corrupti explicabo. Est aut nihil iusto. Dolorum qui ut quasi exercitationem.', 4, '2020-08-04 03:58:09', '2020-08-04 03:58:09'),
(141, 66, 'Prof. Cierra Haley DVM', 'Quia fugiat facilis temporibus dolor. Autem sed asperiores earum eaque itaque et. Qui quam natus mollitia officia voluptatem. Architecto itaque debitis sit delectus est illo.', 3, '2020-08-04 03:58:09', '2020-08-04 03:58:09'),
(142, 97, 'Dr. Stevie Jacobi III', 'Eveniet veritatis atque nostrum id perferendis modi dignissimos. Consequatur vero at id doloremque. Ab non beatae omnis nesciunt accusamus qui. Labore ea vitae consectetur qui totam. At dolorem reiciendis error dolorem reiciendis consequuntur aut.', 4, '2020-08-04 03:58:09', '2020-08-04 03:58:09'),
(143, 71, 'Dr. Felton Hermann', 'Et aut neque fugit maiores sint illo. Quia voluptatem consequatur eius hic minima sed. Est totam ipsum consequatur similique consequatur.', 5, '2020-08-04 03:58:09', '2020-08-04 03:58:09'),
(144, 7, 'Corine Schneider', 'Illum fugiat quibusdam ipsum eum quas. Beatae quisquam rerum quos minus occaecati. Aliquam ea et deserunt rerum nihil voluptas exercitationem. Rem iste labore eveniet ea et quia.', 3, '2020-08-04 03:58:09', '2020-08-04 03:58:09'),
(145, 38, 'Lauriane Hickle', 'Consequatur minus dolor error voluptatem in autem quod. Porro non ad omnis quas inventore necessitatibus et. Et porro vero vitae quia aut.', 1, '2020-08-04 03:58:09', '2020-08-04 03:58:09'),
(146, 4, 'Miss Lue Nader MD', 'Mollitia necessitatibus vero non accusamus dolore. Modi libero et beatae alias soluta quia. Labore asperiores nihil non molestias et distinctio. Sed omnis ullam recusandae nihil accusamus eaque.', 4, '2020-08-04 03:58:09', '2020-08-04 03:58:09'),
(147, 39, 'Lauren Hagenes', 'Illum qui consequuntur temporibus sint tempore doloribus vel at. Praesentium est quia quis rerum ipsum. Rerum nesciunt tenetur deserunt reprehenderit. Quas error facilis necessitatibus voluptatibus. Nam natus et aspernatur atque voluptas adipisci ea.', 1, '2020-08-04 03:58:09', '2020-08-04 03:58:09'),
(148, 51, 'Joesph Jast V', 'Laboriosam in aliquam quia eligendi nihil error animi optio. Blanditiis deserunt repellat ut pariatur possimus. Molestiae rem ab ipsa. Nemo illo necessitatibus blanditiis aut voluptates iste et.', 1, '2020-08-04 03:58:09', '2020-08-04 03:58:09'),
(149, 99, 'Rasheed Buckridge', 'Saepe ratione adipisci et est vel. Quidem eveniet reprehenderit aperiam porro quis sunt sed. Laudantium iure fuga sed asperiores dicta dolor.', 4, '2020-08-04 03:58:09', '2020-08-04 03:58:09'),
(150, 66, 'Maxie Wolf', 'Unde similique recusandae qui quae suscipit. Voluptas magnam numquam dolores deleniti corporis fugit. Corporis vel veritatis ratione corrupti ut error est eum.', 3, '2020-08-04 03:58:09', '2020-08-04 03:58:09'),
(151, 85, 'Theron Hegmann', 'Fugit expedita provident officiis vel quia. Sit sed rerum voluptatibus labore aliquid voluptas. Repellat laboriosam voluptas sit aliquid ut.', 2, '2020-08-04 03:58:09', '2020-08-04 03:58:09'),
(152, 94, 'Felicity Howell', 'Nisi eum eos mollitia optio quis ipsa. Deserunt dolorum deserunt occaecati unde. Rerum et et alias non modi. Voluptate quia mollitia aspernatur in ut dignissimos atque.', 2, '2020-08-04 03:58:09', '2020-08-04 03:58:09'),
(153, 36, 'Demetrius Satterfield', 'Quo pariatur ut repudiandae et voluptatem harum. Voluptatem ipsa quo qui sunt totam incidunt. Incidunt voluptas est labore et voluptatem ut.', 0, '2020-08-04 03:58:09', '2020-08-04 03:58:09'),
(154, 52, 'Vaughn Casper', 'Eos in quod aut unde quas a. Nostrum et rem est harum. Atque odio omnis inventore rerum est. Natus ut et qui saepe ea illo non. Assumenda aliquam doloremque odio impedit earum eum vitae.', 1, '2020-08-04 03:58:09', '2020-08-04 03:58:09'),
(155, 24, 'Mr. Garland Reilly', 'Quo sit culpa quis aut saepe eaque. Dolor est earum repudiandae quod similique. Ullam et delectus illo.', 0, '2020-08-04 03:58:09', '2020-08-04 03:58:09'),
(156, 10, 'Chanelle McCullough', 'Quia et pariatur voluptates necessitatibus. Dolorem vero illo assumenda animi soluta laudantium. Non praesentium et voluptas sunt aperiam.', 3, '2020-08-04 03:58:09', '2020-08-04 03:58:09'),
(157, 76, 'Lilliana Beahan', 'Eos debitis sint laborum consequatur suscipit similique. Incidunt consequuntur ducimus velit voluptatem ut blanditiis quia. Molestiae eveniet nesciunt quia eveniet doloremque. Et sint ipsa repellendus et velit natus corporis optio.', 1, '2020-08-04 03:58:09', '2020-08-04 03:58:09'),
(158, 20, 'Liliana Zboncak', 'Quibusdam incidunt vero ut corporis omnis ut. Aut natus harum cum velit velit tempora.', 1, '2020-08-04 03:58:09', '2020-08-04 03:58:09'),
(159, 32, 'Prof. Johnathon Jast DDS', 'Mollitia explicabo aliquam quo occaecati est. Qui voluptatibus et voluptates rerum maxime quas culpa. Magnam soluta et sit quasi voluptas.', 0, '2020-08-04 03:58:09', '2020-08-04 03:58:09'),
(160, 24, 'Ilene Bruen', 'Omnis sunt aspernatur assumenda ex dolorum officia quis dicta. Eos maxime aut sit nesciunt sit sit. Tempore quaerat error ipsum nemo et dicta possimus.', 4, '2020-08-04 03:58:09', '2020-08-04 03:58:09'),
(161, 85, 'Theo Halvorson Sr.', 'Tenetur exercitationem voluptas facere aut. Placeat similique fuga nam dolorum. Omnis sint vitae est similique voluptatum tempore eum debitis.', 5, '2020-08-04 03:58:09', '2020-08-04 03:58:09'),
(162, 91, 'Mrs. Anissa Brekke', 'Praesentium vel voluptas incidunt inventore. Id facere illum velit cumque nisi delectus. Sunt et voluptatum ullam natus et aut. Fugiat qui voluptatem dolorum eum ut.', 4, '2020-08-04 03:58:09', '2020-08-04 03:58:09'),
(163, 27, 'Miss Aileen Halvorson', 'Dolor aut consequuntur non est porro. Odit debitis adipisci aliquid nihil totam amet aperiam corporis. Dolor eum corrupti ea eaque sapiente. Est quia saepe odio placeat. Sit perferendis est delectus.', 0, '2020-08-04 03:58:09', '2020-08-04 03:58:09'),
(164, 36, 'Flavie Cruickshank', 'Harum sunt ut eos quos rerum porro in. Enim voluptas ipsa dolor et ea est. Velit voluptas voluptate qui quis. Aut quidem recusandae quisquam quos reiciendis corrupti et.', 2, '2020-08-04 03:58:09', '2020-08-04 03:58:09'),
(165, 49, 'Rossie Gottlieb', 'Nisi qui recusandae vel rerum tempore atque in. Mollitia et unde dolores et ducimus. Sit earum quae et natus eos. Facere sunt omnis aut delectus voluptatem.', 5, '2020-08-04 03:58:09', '2020-08-04 03:58:09'),
(166, 80, 'Misty Bosco', 'Sed reiciendis nemo eos amet. Molestiae vero eligendi expedita sapiente voluptas hic. Itaque qui quia dicta et. A consequatur deserunt molestiae modi. Ex cupiditate autem non omnis eum.', 5, '2020-08-04 03:58:10', '2020-08-04 03:58:10'),
(167, 22, 'Esteban VonRueden', 'Cum laboriosam rerum ullam explicabo laborum. Dolore animi harum nihil est accusamus. Quo quos id vero non eius.', 2, '2020-08-04 03:58:10', '2020-08-04 03:58:10'),
(168, 55, 'Elaina Auer', 'Placeat quo nam tempora accusamus. Adipisci esse occaecati veritatis asperiores blanditiis perspiciatis fugit tenetur. In totam voluptatem et veniam quo magni.', 2, '2020-08-04 03:58:10', '2020-08-04 03:58:10'),
(169, 5, 'Mittie Bradtke V', 'Eaque amet quas et veritatis rem illo. Illo reprehenderit ea voluptas ut dignissimos. Tempora reprehenderit minus qui distinctio pariatur.', 2, '2020-08-04 03:58:10', '2020-08-04 03:58:10'),
(170, 23, 'Patricia Hill PhD', 'Voluptatem odio dolores quos quam sit eos voluptatem. Molestiae in accusantium ipsum recusandae sint. Et autem illo a necessitatibus neque.', 2, '2020-08-04 03:58:10', '2020-08-04 03:58:10'),
(171, 90, 'Deonte Wiegand', 'Et et sed sapiente architecto illum ipsam. Dolores temporibus tenetur in dolores doloribus enim dolor repellendus. Consequatur ad itaque error incidunt temporibus sapiente sint aut.', 5, '2020-08-04 03:58:10', '2020-08-04 03:58:10'),
(172, 39, 'Landen Thompson', 'Est sint est consectetur ipsum commodi. Hic excepturi dolorum est minima magni. Fugiat qui laboriosam possimus. Sit voluptas in quod autem illo rerum est.', 1, '2020-08-04 03:58:10', '2020-08-04 03:58:10'),
(173, 5, 'Pasquale Brown', 'Eos maiores non est. Assumenda est qui illo dolorem adipisci. Sit rerum saepe earum quo alias illo placeat.', 4, '2020-08-04 03:58:10', '2020-08-04 03:58:10'),
(174, 86, 'Mr. Gaylord Strosin DDS', 'Reiciendis rerum molestias qui et veniam. Qui sit soluta commodi praesentium optio voluptatibus qui. Et porro aut ut ut sed deserunt qui delectus.', 2, '2020-08-04 03:58:10', '2020-08-04 03:58:10'),
(175, 98, 'Imogene Goodwin V', 'Aut ab maxime ea molestiae. Voluptatem dolor rem ut illum consequatur omnis et in. Nihil porro in amet est quas.', 3, '2020-08-04 03:58:10', '2020-08-04 03:58:10'),
(176, 4, 'Verda Lubowitz', 'Aliquid labore libero corrupti qui eum pariatur. Aspernatur rerum ipsam esse earum explicabo. Sed pariatur illum et vel. Vel aperiam et ipsam reprehenderit aut ut qui facilis.', 4, '2020-08-04 03:58:10', '2020-08-04 03:58:10'),
(177, 72, 'Maureen Walter', 'Magnam et qui accusantium dolore. Excepturi tempora doloremque sapiente nemo suscipit totam exercitationem. Eos amet consequatur omnis repellat amet.', 1, '2020-08-04 03:58:10', '2020-08-04 03:58:10'),
(178, 72, 'Ambrose Ernser', 'Ut non sed est eos. Molestiae aut quia ea est. Qui et consectetur facilis ut qui itaque.', 1, '2020-08-04 03:58:10', '2020-08-04 03:58:10'),
(179, 63, 'Dr. Nickolas Leannon', 'Saepe aperiam repellendus hic assumenda consequuntur dolores. Sit corrupti deserunt rem eum repellendus nam.', 4, '2020-08-04 03:58:10', '2020-08-04 03:58:10'),
(180, 34, 'Prof. Stanton Tillman', 'Odio necessitatibus qui quis fugiat. Voluptatibus aut et atque inventore et id provident. Et et iusto placeat in omnis. Mollitia nobis magnam vitae eum.', 2, '2020-08-04 03:58:10', '2020-08-04 03:58:10'),
(181, 46, 'Prof. Sherwood Kling', 'Dignissimos et officia sed odio recusandae. Sequi et error sequi molestiae quas quos. Modi est suscipit et et occaecati quo est perspiciatis. Perferendis cumque quam aspernatur consectetur beatae.', 4, '2020-08-04 03:58:10', '2020-08-04 03:58:10'),
(182, 68, 'Frederik Emard', 'Quis sit iure debitis dolore delectus. Deserunt excepturi voluptatem quod. Aut ut nihil et voluptates minus et.', 0, '2020-08-04 03:58:10', '2020-08-04 03:58:10'),
(183, 41, 'Madyson Sauer DDS', 'Quidem qui ad eum rerum voluptatem dignissimos sed. Voluptas qui possimus doloremque vitae aut. Consequatur architecto assumenda aliquid. Velit et tempore dolore aspernatur nisi aut.', 3, '2020-08-04 03:58:10', '2020-08-04 03:58:10'),
(184, 40, 'Veda Powlowski DDS', 'Libero est dolor nesciunt eos adipisci. Nihil autem ut explicabo modi eius distinctio. Magni possimus non ut voluptate quis optio molestias nobis. Qui asperiores et sint qui.', 5, '2020-08-04 03:58:10', '2020-08-04 03:58:10'),
(185, 40, 'Mr. Simeon Parker Sr.', 'Voluptatem aut est repellat autem. Est vel minus aut vitae cum. Asperiores voluptatem quis culpa ut explicabo qui. Vel ut doloremque neque quibusdam enim.', 3, '2020-08-04 03:58:10', '2020-08-04 03:58:10'),
(186, 22, 'Ignatius Kuhlman', 'In autem et ab error dolores numquam quia sunt. Aut velit nulla quia ut perspiciatis consequuntur. Adipisci corporis quis veritatis ab.', 3, '2020-08-04 03:58:10', '2020-08-04 03:58:10'),
(187, 16, 'Elvie Moen', 'Beatae expedita at accusantium atque praesentium deserunt omnis. Quod veniam dolores labore omnis ea qui. Non est quae sed amet fuga quia. Voluptatum ducimus numquam non optio et.', 2, '2020-08-04 03:58:10', '2020-08-04 03:58:10'),
(188, 36, 'Charlie Bogan', 'Aut laboriosam minima sapiente et est beatae. Doloribus eum corporis odit voluptas dolor fugit ipsam. Esse maxime officiis rerum delectus repellat dolores deserunt.', 1, '2020-08-04 03:58:10', '2020-08-04 03:58:10'),
(189, 54, 'Miss Shannon O\'Hara I', 'Qui alias et dolorum perferendis. Tenetur sed molestiae quod enim cumque ipsa. Praesentium cum quia labore ea. Dicta deserunt repellat dolore voluptas id quod praesentium. Maiores inventore animi ex voluptas optio perspiciatis quis.', 2, '2020-08-04 03:58:10', '2020-08-04 03:58:10'),
(190, 97, 'Garrison Sipes PhD', 'Fuga debitis voluptas distinctio assumenda cupiditate. Sint quis ab officiis itaque quia. At dolorem vero pariatur quidem corporis doloremque quasi. Ipsum quam saepe animi magni sunt aut esse consequatur.', 5, '2020-08-04 03:58:11', '2020-08-04 03:58:11'),
(191, 14, 'Lori Haley IV', 'Recusandae adipisci minus fugit dolore sapiente sunt rerum. Velit sunt qui voluptate harum. Et nostrum officiis labore hic rerum.', 4, '2020-08-04 03:58:11', '2020-08-04 03:58:11'),
(192, 59, 'Darian Towne', 'Et placeat architecto quia molestiae et. Sequi aliquid sint autem quas itaque quos praesentium. Mollitia dolor ad nihil sed porro. Placeat officiis odio sit et maiores iste.', 4, '2020-08-04 03:58:11', '2020-08-04 03:58:11'),
(193, 48, 'Dr. Everett Kessler', 'Earum facere eum ad quibusdam veniam quam nisi. Ducimus deserunt necessitatibus vel nisi placeat. Enim quod labore quo aliquam. Molestiae omnis atque dolorem quidem error ipsa.', 1, '2020-08-04 03:58:11', '2020-08-04 03:58:11'),
(194, 85, 'Erling Marvin V', 'Ipsum saepe delectus qui esse debitis quia. Dolores ratione ipsa deleniti dolores illo tempora. Sit molestiae ipsa vitae voluptatem optio voluptatem.', 1, '2020-08-04 03:58:11', '2020-08-04 03:58:11'),
(195, 1, 'Johann Carter', 'Optio dolor aut explicabo. Ab qui et placeat nisi qui similique. Quidem natus odio est ut. Quaerat voluptate nostrum est aut.', 2, '2020-08-04 03:58:11', '2020-08-04 03:58:11'),
(196, 61, 'Sarah Mills', 'Alias accusantium sit praesentium velit. Laudantium corrupti et eaque. Quaerat labore itaque maiores et sed. Enim officiis et nulla eum expedita reprehenderit. Illum molestiae quos minima earum vel architecto.', 2, '2020-08-04 03:58:11', '2020-08-04 03:58:11'),
(197, 59, 'Ms. Natasha Gibson', 'Quam ut et quo qui atque nam. Quia iure qui sint. Id harum soluta qui. Tenetur sit a aperiam accusantium.', 4, '2020-08-04 03:58:11', '2020-08-04 03:58:11'),
(198, 30, 'Bailey Kub', 'Dolor delectus porro quaerat mollitia. Dolorem et et maiores distinctio qui ut nam. Sed qui culpa adipisci et et inventore. Corporis consectetur officia aut assumenda et cum.', 4, '2020-08-04 03:58:11', '2020-08-04 03:58:11'),
(199, 27, 'Malvina Halvorson', 'Aut ipsa repellat sed consequatur. Amet error unde quis omnis quis qui et similique. Consequatur omnis dolor culpa similique repellat quam consequatur. Corporis explicabo aut doloribus.', 5, '2020-08-04 03:58:11', '2020-08-04 03:58:11'),
(200, 83, 'Miss Heather Hudson', 'Asperiores incidunt dolores atque sit quidem. Consequuntur saepe quia repudiandae consectetur fuga. Eaque iusto voluptates deserunt eveniet ut. Unde aut velit et sit odit minus.', 3, '2020-08-04 03:58:11', '2020-08-04 03:58:11'),
(201, 1, 'Dr. Betsy Beatty', 'Ipsa quos est voluptas dolorem repellat. Et doloremque dolorum vel voluptas in. Fuga qui quis libero temporibus. Est voluptatem officiis sint non incidunt repellat.', 0, '2020-08-04 03:58:11', '2020-08-04 03:58:11'),
(202, 79, 'Prof. Sidney Howell', 'Et sit quos et voluptatem incidunt eveniet. Iusto minus iste sed suscipit quia. Sunt ipsa iste et autem praesentium nulla. Neque consequatur et animi quis. Voluptates animi distinctio iure et.', 5, '2020-08-04 03:58:11', '2020-08-04 03:58:11'),
(203, 29, 'Gail Parisian', 'Repellendus beatae sit non non veniam. Enim necessitatibus quasi repellat quis aliquam quidem placeat facere. Quod non rerum voluptates. Repellat aut et distinctio iure.', 4, '2020-08-04 03:58:11', '2020-08-04 03:58:11'),
(204, 20, 'Mr. Clovis Quigley II', 'Ut hic doloremque necessitatibus quidem quasi non. Voluptas expedita eum a doloremque est. Hic minima ducimus hic non. Aliquam atque qui minima.', 3, '2020-08-04 03:58:11', '2020-08-04 03:58:11'),
(205, 76, 'Herman Wilkinson', 'Iure consequatur non suscipit. Adipisci dolore dicta non et nisi quia consequatur. Cumque iure quo alias sunt et.', 2, '2020-08-04 03:58:11', '2020-08-04 03:58:11');
INSERT INTO `reviews` (`id`, `product_id`, `customer`, `review`, `star`, `created_at`, `updated_at`) VALUES
(206, 82, 'Elinor Jakubowski', 'Tenetur sint cum sint sed eius omnis ullam. Ex consectetur vitae est qui delectus est. Qui asperiores omnis et veniam. Nisi officia natus eos non id sunt.', 2, '2020-08-04 03:58:11', '2020-08-04 03:58:11'),
(207, 39, 'Teresa Beier', 'Nihil pariatur perferendis necessitatibus enim vero non dolorem. Quis odio voluptatem facere quos est.', 2, '2020-08-04 03:58:11', '2020-08-04 03:58:11'),
(208, 1, 'Anjali Langosh', 'Ullam et corporis ut reiciendis. Consequuntur et quo sed possimus veritatis perspiciatis. At porro eius id ut voluptatem ea asperiores.', 0, '2020-08-04 03:58:11', '2020-08-04 03:58:11'),
(209, 90, 'Meagan Breitenberg', 'Ducimus dicta odit distinctio non ipsam ut. Itaque est qui enim porro velit. At quis cupiditate optio distinctio ex consequuntur. Molestiae ad quis dicta incidunt.', 0, '2020-08-04 03:58:11', '2020-08-04 03:58:11'),
(210, 33, 'Mikayla Connelly', 'Tempora pariatur exercitationem saepe occaecati doloremque. Fugit quibusdam iste sint qui ut asperiores. Quae cum hic veniam accusantium praesentium ut occaecati saepe.', 2, '2020-08-04 03:58:11', '2020-08-04 03:58:11'),
(211, 67, 'Prof. Mortimer Corwin', 'Perspiciatis vel non est et iusto est. Cum laborum voluptatibus debitis modi. Possimus qui rerum quasi qui molestiae. Est omnis consequatur quibusdam quam sed.', 0, '2020-08-04 03:58:11', '2020-08-04 03:58:11'),
(212, 68, 'Ms. Dandre Parker', 'Ut vel et quidem illum ut. Totam magnam perferendis accusantium dolorum tenetur tempora voluptates. Eos ut culpa hic explicabo.', 1, '2020-08-04 03:58:11', '2020-08-04 03:58:11'),
(213, 91, 'Prof. Heber Konopelski', 'Error omnis excepturi et aut dolores amet. Eos tempora expedita facere odio et nostrum. Id sint eum et.', 3, '2020-08-04 03:58:11', '2020-08-04 03:58:11'),
(214, 47, 'Chelsey Schneider', 'Aut aliquam et et quo cupiditate in. Eos et neque dolorem cumque. Consectetur aut et a enim ea voluptatum. Et quae ut ipsum voluptas illo id quia excepturi.', 5, '2020-08-04 03:58:11', '2020-08-04 03:58:11'),
(215, 28, 'Noemie Kiehn DVM', 'Sunt quas cum quia aspernatur ea ipsam unde. Aut dolores nisi exercitationem. At a atque ut in.', 3, '2020-08-04 03:58:11', '2020-08-04 03:58:11'),
(216, 16, 'Mrs. Ora Smith Sr.', 'Nobis rem laboriosam vel ea deleniti. Illo sed qui dolor voluptatem. Accusantium aliquid fuga et at quia laborum explicabo occaecati. Necessitatibus adipisci eveniet voluptas necessitatibus exercitationem.', 0, '2020-08-04 03:58:12', '2020-08-04 03:58:12'),
(217, 29, 'America Huel', 'Ad voluptatem error nulla sed magni. Odio et enim sapiente commodi deleniti. Non ab dolorem alias ut quasi harum et eum.', 3, '2020-08-04 03:58:12', '2020-08-04 03:58:12'),
(218, 21, 'Major Kihn', 'Ad quae perferendis laboriosam harum tempora. Nemo quaerat quis natus deserunt id vel. Ut qui exercitationem incidunt sed magnam consequatur.', 1, '2020-08-04 03:58:12', '2020-08-04 03:58:12'),
(219, 4, 'Amara Gleichner', 'Tempore harum quo saepe possimus et et. Sint saepe et saepe impedit eos facilis esse. Officia sequi accusantium quia quas animi id accusamus. Suscipit quasi sit ut.', 2, '2020-08-04 03:58:12', '2020-08-04 03:58:12'),
(220, 11, 'Dr. Marley Champlin', 'Excepturi voluptate officia accusantium quae aut omnis. Sit itaque doloribus atque doloribus reprehenderit cum aut.', 3, '2020-08-04 03:58:12', '2020-08-04 03:58:12'),
(221, 49, 'Schuyler Ernser', 'Perferendis nesciunt sit fuga modi nisi eum facilis. Accusamus voluptate aut voluptas sed totam. Magni amet non et quis ea culpa.', 1, '2020-08-04 03:58:12', '2020-08-04 03:58:12'),
(222, 28, 'Miss Alyson Satterfield', 'Maxime consequuntur laborum aut nostrum consequatur dicta sed placeat. Ullam aspernatur ut eum quo in porro autem quia. Quam quisquam non placeat id sit eaque.', 1, '2020-08-04 03:58:12', '2020-08-04 03:58:12'),
(223, 1, 'Curt Orn', 'Et et saepe voluptate pariatur impedit aspernatur. Deleniti doloremque dolorem sed placeat et. Voluptates ut et non voluptatem omnis. Omnis magni aut similique et corrupti.', 4, '2020-08-04 03:58:12', '2020-08-04 03:58:12'),
(224, 21, 'Gus Brown IV', 'Fugit iste molestiae voluptas cum. Ducimus laboriosam odit enim quo illo et. Voluptas possimus voluptatem ut ducimus qui reprehenderit.', 1, '2020-08-04 03:58:12', '2020-08-04 03:58:12'),
(225, 10, 'Jensen Hickle', 'Recusandae pariatur vero veritatis unde nisi cum et. Error earum aperiam officia sint unde aut consectetur. Praesentium officia blanditiis et. Cupiditate sit eaque magni ut id consequatur fuga.', 2, '2020-08-04 03:58:12', '2020-08-04 03:58:12'),
(226, 24, 'Verner Russel', 'Impedit accusamus at illo nulla est. Distinctio nam enim soluta repellat voluptatum fugit quia. Nisi delectus in eligendi occaecati cupiditate velit nostrum. Est voluptates deserunt sed ut. Eveniet error mollitia qui est velit eveniet temporibus.', 2, '2020-08-04 03:58:12', '2020-08-04 03:58:12'),
(227, 43, 'Mr. Dayne Hamill I', 'Qui soluta est sapiente doloremque. Laboriosam animi nihil reprehenderit voluptatibus voluptas occaecati. Sunt dolore quaerat voluptate impedit.', 5, '2020-08-04 03:58:12', '2020-08-04 03:58:12'),
(228, 100, 'Alayna Jast', 'Est ut ut magnam tenetur. Quia vitae tempora assumenda doloremque consequatur aut omnis. Omnis qui rerum necessitatibus corrupti. Est est explicabo quos dignissimos incidunt sit.', 4, '2020-08-04 03:58:12', '2020-08-04 03:58:12'),
(229, 22, 'Sylvia Hane', 'Aliquid quis perferendis et cupiditate natus ipsa. Praesentium est corporis voluptatum molestiae sit tenetur. Dolorem nemo est deleniti explicabo porro consequatur. Et neque quod fuga officiis illo.', 4, '2020-08-04 03:58:12', '2020-08-04 03:58:12'),
(230, 50, 'Mollie Romaguera', 'Nihil necessitatibus consequatur excepturi eveniet veniam est beatae. Nihil natus non reprehenderit perferendis illum.', 1, '2020-08-04 03:58:12', '2020-08-04 03:58:12'),
(231, 53, 'Miss Macy Lakin', 'Qui fugiat minima est eveniet laudantium enim. Sed minus non quis labore aut maiores. Molestiae corrupti error et dolor deleniti quae. Officia saepe est eum accusantium architecto nihil aut.', 0, '2020-08-04 03:58:12', '2020-08-04 03:58:12'),
(232, 79, 'Candace Shanahan', 'Quaerat est in nisi blanditiis. Recusandae rerum similique et. Aliquid illo reprehenderit atque quas. Id animi doloremque ab qui. Ea mollitia dolores modi natus officia voluptas et.', 0, '2020-08-04 03:58:12', '2020-08-04 03:58:12'),
(233, 94, 'Brandy Schamberger', 'Ipsam corrupti quo omnis aut. Aut et quaerat maiores eveniet est. Eos adipisci dicta dolor earum.', 0, '2020-08-04 03:58:12', '2020-08-04 03:58:12'),
(234, 60, 'Marjorie Windler', 'Amet rerum aut sint mollitia. Nobis amet unde praesentium quas. Deleniti veniam dolore eaque voluptatem fugiat. Eos consequatur placeat repellendus esse sint.', 2, '2020-08-04 03:58:12', '2020-08-04 03:58:12'),
(235, 53, 'Arielle Grady', 'Molestias facilis et delectus temporibus porro. Et vero dolor reiciendis natus sequi. Voluptatem consequatur voluptate aut sint facere autem nobis.', 1, '2020-08-04 03:58:12', '2020-08-04 03:58:12'),
(236, 27, 'Cullen Grady', 'Sint quia et velit omnis illum. Nam odio quos voluptatem quidem.', 4, '2020-08-04 03:58:12', '2020-08-04 03:58:12'),
(237, 41, 'Mr. Bertrand Waters', 'In nostrum fugiat sapiente nobis exercitationem laboriosam. Dolores iste nihil nam repellat voluptatem nesciunt blanditiis consectetur. Minus ullam dolorem magni iusto. Impedit totam dolorum dignissimos quae harum consectetur similique. Nam dignissimos facilis ipsa quaerat labore officiis.', 2, '2020-08-04 03:58:12', '2020-08-04 03:58:12'),
(238, 80, 'Halie Rempel', 'Eum possimus numquam facilis voluptatibus nemo. Consequatur et nihil eum aspernatur fugiat omnis. Iure non assumenda nihil culpa. Accusantium molestiae consectetur ut fugiat molestiae.', 0, '2020-08-04 03:58:12', '2020-08-04 03:58:12'),
(239, 86, 'Marc Casper', 'Excepturi soluta fugit consequatur est consequatur beatae. Molestiae qui voluptas error quia. Praesentium ducimus magnam fuga quo. Repudiandae architecto nihil a nostrum.', 5, '2020-08-04 03:58:12', '2020-08-04 03:58:12'),
(240, 69, 'Mathias Koelpin Sr.', 'Omnis qui voluptatem quia error aut ullam optio. Tempora ut et sit odit.', 1, '2020-08-04 03:58:13', '2020-08-04 03:58:13'),
(241, 77, 'Lenny Bauch', 'Laborum nesciunt aut quo in culpa architecto accusamus. Omnis sit ducimus ab iure dolorem reiciendis voluptatibus. Id aspernatur totam autem omnis.', 3, '2020-08-04 03:58:13', '2020-08-04 03:58:13'),
(242, 15, 'Gunner Nikolaus', 'Dolores mollitia pariatur accusamus id maiores. Totam omnis aut temporibus officia velit sed dolores asperiores. Aspernatur consequatur ut commodi.', 1, '2020-08-04 03:58:13', '2020-08-04 03:58:13'),
(243, 61, 'Wilma Hintz', 'Voluptates maxime dolores error et sint ducimus repellat. Rerum porro eveniet dolore sunt magnam. Unde dicta voluptatum repellendus.', 3, '2020-08-04 03:58:13', '2020-08-04 03:58:13'),
(244, 18, 'Emory Streich I', 'Tenetur placeat quis explicabo sit cupiditate. Provident eveniet fuga perspiciatis est. Minima illo voluptate repellendus sunt tenetur voluptas numquam qui.', 5, '2020-08-04 03:58:13', '2020-08-04 03:58:13'),
(245, 35, 'Prof. Lloyd Johnson I', 'Neque quia at quaerat esse esse aut. Porro quas consequatur ipsam accusantium.', 3, '2020-08-04 03:58:13', '2020-08-04 03:58:13'),
(246, 23, 'Alec Waelchi', 'Eum et dolores fugiat facere. Numquam dolores et consectetur. Voluptatum quis rerum aut culpa minus quo.', 2, '2020-08-04 03:58:13', '2020-08-04 03:58:13'),
(247, 71, 'Era Beier', 'Et ullam ipsa perspiciatis deleniti nihil molestiae. Eveniet voluptatem est dolorum voluptate perferendis neque nulla. Incidunt officiis consequatur sint blanditiis occaecati fuga. Vitae perspiciatis deleniti repellat aperiam doloribus id libero.', 4, '2020-08-04 03:58:13', '2020-08-04 03:58:13'),
(248, 55, 'Nelle Strosin II', 'Neque est consequatur aut ex expedita perspiciatis numquam. Id sunt quidem est modi.', 3, '2020-08-04 03:58:13', '2020-08-04 03:58:13'),
(249, 86, 'Nicholas Medhurst MD', 'Et facilis voluptatem ipsa ut magni omnis non. Qui sit vitae doloremque nam quam.', 1, '2020-08-04 03:58:13', '2020-08-04 03:58:13'),
(250, 27, 'Brenden Gutmann', 'Recusandae aliquam ut dolor. Quis saepe nemo et magni amet. Enim eos qui debitis impedit ut reiciendis. Dolore id repellat eos qui.', 5, '2020-08-04 03:58:13', '2020-08-04 03:58:13'),
(251, 31, 'Dr. Andrew Cole III', 'Quis accusantium sed sit numquam magni ipsa ut. Facilis dolorem pariatur temporibus sit omnis ratione sunt. Magni cum ipsam dolore sunt. Labore eius blanditiis reiciendis sed fugit quasi rem et.', 1, '2020-08-04 03:58:13', '2020-08-04 03:58:13'),
(252, 70, 'Sylvia Ratke V', 'Repudiandae ullam harum cupiditate dolor impedit voluptatem et. Ducimus occaecati quis est ea repellat rem consequatur velit. Labore est aperiam hic eligendi.', 1, '2020-08-04 03:58:13', '2020-08-04 03:58:13'),
(253, 32, 'Marisol Jast', 'Nemo ea deserunt reprehenderit excepturi. Quas eveniet distinctio ut nulla expedita. Earum repellat nostrum voluptatem. Fugiat assumenda deserunt sed voluptatibus.', 5, '2020-08-04 03:58:13', '2020-08-04 03:58:13'),
(254, 6, 'Vergie Ryan', 'Neque quibusdam eveniet et qui excepturi. Laboriosam sint eaque aut mollitia. Omnis qui nulla ab temporibus ea cumque in facere. Dolores facere distinctio blanditiis maiores.', 0, '2020-08-04 03:58:13', '2020-08-04 03:58:13'),
(255, 44, 'Charley Morissette II', 'Voluptas ducimus quos repellendus et iusto perferendis. Minus autem optio inventore eum odit mollitia dolor. Natus labore facilis et tenetur.', 0, '2020-08-04 03:58:13', '2020-08-04 03:58:13'),
(256, 45, 'Alejandrin Dibbert', 'Aliquam minima animi odit deserunt laudantium incidunt. Et incidunt ea maiores est nostrum molestiae eum. Repellendus perferendis reiciendis id necessitatibus.', 5, '2020-08-04 03:58:13', '2020-08-04 03:58:13'),
(257, 22, 'Orrin Farrell', 'Beatae recusandae ipsa natus natus vero eos. Aperiam quam quam nulla aliquid perferendis incidunt voluptate. Corrupti quia est consequatur sed adipisci atque. Aut totam reiciendis consequatur consectetur eos repellat quisquam.', 4, '2020-08-04 03:58:13', '2020-08-04 03:58:13'),
(258, 93, 'Jedediah Feest', 'Eligendi eius error non vel. Nobis saepe laboriosam quibusdam rerum est. Expedita eum molestiae pariatur est possimus sunt. Sit maiores commodi ipsa sequi pariatur sunt aperiam.', 1, '2020-08-04 03:58:13', '2020-08-04 03:58:13'),
(259, 49, 'Hubert Koepp', 'Praesentium nisi sit enim eum officiis et. Numquam quis qui qui quibusdam debitis necessitatibus odit.', 1, '2020-08-04 03:58:13', '2020-08-04 03:58:13'),
(260, 78, 'Willis Dach', 'Aperiam corporis autem sapiente architecto maxime ut. Eaque excepturi in ipsum expedita aut non. Culpa est praesentium repellat assumenda vel eos autem.', 3, '2020-08-04 03:58:13', '2020-08-04 03:58:13'),
(261, 20, 'Kraig Wisozk', 'Ab eos aut non ipsa aut labore nemo ratione. Harum quia et ut eum. Et qui aut itaque quaerat est. Distinctio reiciendis consequatur explicabo est impedit.', 1, '2020-08-04 03:58:13', '2020-08-04 03:58:13'),
(262, 44, 'Raina Quitzon', 'Ab optio molestias illo quia quod est. Corporis quis modi voluptatem et.', 1, '2020-08-04 03:58:13', '2020-08-04 03:58:13'),
(263, 56, 'Mr. Travon Boehm', 'Quidem assumenda perferendis sit odit. Deleniti doloremque doloribus quia.', 2, '2020-08-04 03:58:13', '2020-08-04 03:58:13'),
(264, 7, 'Jacinto Lang', 'Fugit qui omnis animi necessitatibus consectetur. Ea ab et ullam quod velit numquam consequuntur. Eaque est pariatur architecto impedit labore voluptatem molestiae.', 3, '2020-08-04 03:58:14', '2020-08-04 03:58:14'),
(265, 50, 'Seamus Nader', 'Mollitia velit in voluptatum ipsam. Saepe voluptas blanditiis molestiae autem est est autem. Reprehenderit voluptates pariatur eveniet ea doloribus voluptas tempore. Perferendis sit ab reprehenderit sed corrupti debitis.', 0, '2020-08-04 03:58:14', '2020-08-04 03:58:14'),
(266, 18, 'Arlo Pagac', 'Repellendus harum est voluptatem hic. Quo et ratione repudiandae perspiciatis. Odit minus distinctio distinctio totam commodi quo in. Omnis sed ut debitis aliquid maiores excepturi consequatur maxime.', 0, '2020-08-04 03:58:14', '2020-08-04 03:58:14'),
(267, 87, 'Jamaal Ziemann II', 'Deleniti aut omnis sed saepe. Consequatur nesciunt rerum aut quidem fugit maxime nihil vero. Ullam aut quia molestiae sit rerum omnis.', 1, '2020-08-04 03:58:14', '2020-08-04 03:58:14'),
(268, 59, 'Denis Gutkowski', 'Molestiae molestias aut recusandae est aut sed qui velit. Optio omnis non ab omnis qui exercitationem at. Temporibus blanditiis tempore excepturi repellendus ullam et voluptas. Quod sed qui quas.', 5, '2020-08-04 03:58:14', '2020-08-04 03:58:14'),
(269, 86, 'Stanford Schroeder', 'Reprehenderit nisi cum eaque et. Architecto voluptatem dolorum nisi adipisci autem qui saepe eos. Maxime itaque tempore enim.', 1, '2020-08-04 03:58:14', '2020-08-04 03:58:14'),
(270, 42, 'Miss Simone Bogan', 'Earum voluptas quis fugiat. Modi sint est voluptas numquam cupiditate esse. Quaerat et quae quibusdam alias et dolore ea. Nostrum officia quasi et sunt quas.', 4, '2020-08-04 03:58:14', '2020-08-04 03:58:14'),
(271, 15, 'Vladimir Yost', 'Debitis eum dolores nisi vitae. Est dignissimos aut quasi sapiente. Perferendis eius at dicta optio minus excepturi dolor velit. Eos adipisci nulla dolorum enim sit eum.', 2, '2020-08-04 03:58:14', '2020-08-04 03:58:14'),
(272, 85, 'Jacey Balistreri', 'In iste labore sequi incidunt veniam aliquid autem sed. Earum et qui sunt ipsum ipsam similique. Praesentium quia porro itaque dignissimos est.', 0, '2020-08-04 03:58:14', '2020-08-04 03:58:14'),
(273, 93, 'Prof. Juvenal Beier Sr.', 'Iste libero aut ut molestias ut. Veniam reprehenderit officiis corrupti non omnis illo. Reiciendis ipsa est placeat aliquam enim. Omnis similique saepe sed voluptatem.', 4, '2020-08-04 03:58:14', '2020-08-04 03:58:14'),
(274, 53, 'Filomena Beier', 'Dignissimos animi qui laboriosam et rerum. Consectetur eligendi qui blanditiis quia iure accusamus. Dolores nemo libero consequatur quaerat nesciunt.', 5, '2020-08-04 03:58:14', '2020-08-04 03:58:14'),
(275, 52, 'Jedediah Lockman', 'Sit consectetur aut ea dolorem odio. Neque dolores eveniet earum aut est iure. Vero est est qui accusantium rerum praesentium commodi. Omnis ullam nisi ipsam adipisci.', 0, '2020-08-04 03:58:14', '2020-08-04 03:58:14'),
(276, 13, 'Mrs. Theresa Schinner', 'Eveniet quisquam dolorem quibusdam ipsum. Ratione odit consequatur et molestiae eaque velit quidem ut. Non aut nam nihil autem et rerum qui. Perferendis aut nam praesentium commodi rerum ut ut.', 2, '2020-08-04 03:58:14', '2020-08-04 03:58:14'),
(277, 53, 'Mrs. Meredith Shanahan MD', 'Et ipsam modi suscipit delectus et. Similique id repudiandae eligendi sint explicabo vel. Facere dolores ut mollitia voluptatem quisquam.', 3, '2020-08-04 03:58:14', '2020-08-04 03:58:14'),
(278, 21, 'Erna Fadel II', 'Quia nostrum ipsa saepe ut eum eum impedit atque. Excepturi rem sequi iure minima amet. Qui aut eligendi cupiditate. Quod nesciunt est et modi.', 5, '2020-08-04 03:58:14', '2020-08-04 03:58:14'),
(279, 87, 'Edwina Abernathy', 'Amet explicabo dignissimos doloremque facilis ea dolorem porro amet. Quia non et dignissimos in. Alias accusamus cupiditate aut enim officia. Sit repellendus nihil voluptatum excepturi mollitia deserunt in. Fugiat vitae saepe iusto consequatur.', 5, '2020-08-04 03:58:14', '2020-08-04 03:58:14'),
(280, 40, 'Marilie Torphy', 'Animi numquam reiciendis sed nisi. Totam quia est illum recusandae qui. Animi recusandae praesentium omnis dolores et et provident qui. Voluptatem aliquam ipsa repellat quo qui.', 3, '2020-08-04 03:58:14', '2020-08-04 03:58:14'),
(281, 64, 'Rubie Stoltenberg III', 'Quisquam autem voluptas id magnam voluptas magni atque. In voluptatem qui laudantium molestiae ut nostrum. Aut dignissimos rerum commodi nihil alias quis et.', 5, '2020-08-04 03:58:14', '2020-08-04 03:58:14'),
(282, 54, 'Cleveland Kunze DVM', 'Laboriosam veritatis et pariatur iusto nisi rem. Qui rerum sunt sit numquam et. Autem molestiae porro dolor non. Eum aut fugit labore vitae.', 2, '2020-08-04 03:58:14', '2020-08-04 03:58:14'),
(283, 71, 'Ned Ernser', 'Temporibus cum veniam nam tenetur ab nesciunt ut quis. Maiores ut pariatur odit sed repellendus et.', 5, '2020-08-04 03:58:14', '2020-08-04 03:58:14'),
(284, 61, 'Dr. Irwin Ryan', 'Maiores ullam sed et quis sapiente et. Maxime inventore et eos laborum. Dolorum ut dignissimos qui debitis rerum quia dicta omnis. Impedit ut tempora velit et ab.', 5, '2020-08-04 03:58:14', '2020-08-04 03:58:14'),
(285, 35, 'Edison Kautzer', 'Quo velit quos natus praesentium velit. Dolores cum ut neque. Doloribus omnis dolore laudantium qui modi eos dolores. Totam reprehenderit iusto et qui delectus facilis nam.', 4, '2020-08-04 03:58:14', '2020-08-04 03:58:14'),
(286, 87, 'Dr. Brielle Padberg', 'Cum id in qui laboriosam laboriosam velit. Tempore voluptas exercitationem pariatur. Impedit nesciunt qui ut alias reprehenderit.', 2, '2020-08-04 03:58:14', '2020-08-04 03:58:14'),
(287, 36, 'Enoch Koss', 'Libero in tempore voluptatem rerum ullam et rerum. Quia aut ut est natus cumque rem voluptas. Earum hic id ipsum est corrupti expedita illum. Sapiente nihil sint pariatur asperiores facere amet.', 3, '2020-08-04 03:58:15', '2020-08-04 03:58:15'),
(288, 58, 'Mr. Amari Wuckert', 'Id quibusdam nulla vel quis delectus. Harum laborum reiciendis sed enim voluptates. Error provident neque qui quasi eum. Deserunt quibusdam occaecati esse.', 4, '2020-08-04 03:58:15', '2020-08-04 03:58:15'),
(289, 12, 'Mr. Andrew Keeling III', 'Aspernatur tempora voluptate accusantium facere itaque est recusandae. Eos autem nemo eius soluta repellat. Aut voluptas id et nisi.', 5, '2020-08-04 03:58:15', '2020-08-04 03:58:15'),
(290, 9, 'Nettie Stracke', 'Vitae quae odit commodi. Autem dolorem repellendus et voluptatem corporis sed recusandae. Aliquam harum est eaque consequatur quis neque.', 2, '2020-08-04 03:58:15', '2020-08-04 03:58:15'),
(291, 1, 'Guiseppe Roberts', 'Enim vero repellendus non earum. Harum corporis omnis vel consequatur. Eum vitae inventore repellendus ut quibusdam voluptatem aut. Enim et tenetur modi molestiae est autem placeat.', 2, '2020-08-04 03:58:15', '2020-08-04 03:58:15'),
(292, 28, 'Porter Cremin', 'Deserunt dolores incidunt adipisci voluptas consequuntur. Inventore qui perferendis similique quia est est soluta. Voluptatem id harum quia eius autem eaque est.', 1, '2020-08-04 03:58:15', '2020-08-04 03:58:15'),
(293, 98, 'Casimer Welch', 'Quia nihil aut facere dignissimos veniam ullam eos. Nihil voluptatibus recusandae et nisi nesciunt id. Sint ea autem eius aliquid magni voluptates non. In exercitationem odio atque sint.', 1, '2020-08-04 03:58:15', '2020-08-04 03:58:15'),
(294, 98, 'Dr. Name Bogisich', 'Aperiam adipisci qui quae tempora sed. Perferendis harum fuga qui ipsa iste necessitatibus.', 5, '2020-08-04 03:58:15', '2020-08-04 03:58:15'),
(295, 46, 'Dr. Quentin Lemke IV', 'Et ducimus minus sit incidunt adipisci earum sunt. Omnis deserunt aut dolores voluptatum doloribus autem blanditiis. Velit dolor ipsum aut a. Possimus odit impedit id dolor.', 2, '2020-08-04 03:58:15', '2020-08-04 03:58:15'),
(296, 78, 'Dr. Kraig Friesen', 'Ducimus molestiae hic aliquid veniam magni sit dicta. Nihil fugiat culpa explicabo ipsa. Incidunt voluptas eum sint autem amet officiis voluptatem.', 5, '2020-08-04 03:58:15', '2020-08-04 03:58:15'),
(297, 82, 'Sallie Wolff IV', 'Esse doloremque enim non consequatur et rem minima similique. Quo exercitationem aperiam beatae aut. Tempore aut ea enim nulla odit voluptatum. Commodi aut repudiandae quasi fugiat et laboriosam numquam. Cupiditate nisi voluptatem et est nemo.', 1, '2020-08-04 03:58:15', '2020-08-04 03:58:15'),
(298, 78, 'Mr. Demario Okuneva', 'Qui provident iusto cupiditate sint voluptas dolor cumque. Quo necessitatibus qui ab facere blanditiis voluptate veniam. Sunt sint dolorum similique aliquam officiis. Enim commodi sunt consequatur et laudantium quo rerum.', 1, '2020-08-04 03:58:15', '2020-08-04 03:58:15'),
(299, 27, 'Nettie Volkman', 'Ratione molestiae voluptatem sit et similique accusantium. Et suscipit harum magnam at ea vel numquam labore. Architecto omnis id rem omnis modi facere non.', 1, '2020-08-04 03:58:15', '2020-08-04 03:58:15'),
(300, 4, 'Miss Maryse Heller II', 'Amet eaque ipsum unde. Ab dolor a laudantium nobis ea. Modi assumenda reiciendis atque error non reiciendis. Voluptatem earum tempore occaecati deserunt et.', 0, '2020-08-04 03:58:15', '2020-08-04 03:58:15');

-- --------------------------------------------------------

--
-- Table structure for table `users`
--

CREATE TABLE `users` (
  `id` bigint(20) UNSIGNED NOT NULL,
  `name` varchar(191) COLLATE utf8mb4_unicode_ci NOT NULL,
  `email` varchar(191) COLLATE utf8mb4_unicode_ci NOT NULL,
  `email_verified_at` timestamp NULL DEFAULT NULL,
  `password` varchar(191) COLLATE utf8mb4_unicode_ci NOT NULL,
  `remember_token` varchar(100) COLLATE utf8mb4_unicode_ci DEFAULT NULL,
  `created_at` timestamp NULL DEFAULT NULL,
  `updated_at` timestamp NULL DEFAULT NULL
) ENGINE=InnoDB DEFAULT CHARSET=utf8mb4 COLLATE=utf8mb4_unicode_ci;

--
-- Indexes for dumped tables
--

--
-- Indexes for table `failed_jobs`
--
ALTER TABLE `failed_jobs`
  ADD PRIMARY KEY (`id`);

--
-- Indexes for table `migrations`
--
ALTER TABLE `migrations`
  ADD PRIMARY KEY (`id`);

--
-- Indexes for table `products`
--
ALTER TABLE `products`
  ADD PRIMARY KEY (`id`);

--
-- Indexes for table `reviews`
--
ALTER TABLE `reviews`
  ADD PRIMARY KEY (`id`),
  ADD KEY `reviews_product_id_foreign` (`product_id`);

--
-- Indexes for table `users`
--
ALTER TABLE `users`
  ADD PRIMARY KEY (`id`),
  ADD UNIQUE KEY `users_email_unique` (`email`);

--
-- AUTO_INCREMENT for dumped tables
--

--
-- AUTO_INCREMENT for table `failed_jobs`
--
ALTER TABLE `failed_jobs`
  MODIFY `id` bigint(20) UNSIGNED NOT NULL AUTO_INCREMENT;

--
-- AUTO_INCREMENT for table `migrations`
--
ALTER TABLE `migrations`
  MODIFY `id` int(10) UNSIGNED NOT NULL AUTO_INCREMENT, AUTO_INCREMENT=5;

--
-- AUTO_INCREMENT for table `products`
--
ALTER TABLE `products`
  MODIFY `id` bigint(20) UNSIGNED NOT NULL AUTO_INCREMENT, AUTO_INCREMENT=101;

--
-- AUTO_INCREMENT for table `reviews`
--
ALTER TABLE `reviews`
  MODIFY `id` bigint(20) UNSIGNED NOT NULL AUTO_INCREMENT, AUTO_INCREMENT=301;

--
-- AUTO_INCREMENT for table `users`
--
ALTER TABLE `users`
  MODIFY `id` bigint(20) UNSIGNED NOT NULL AUTO_INCREMENT;

--
-- Constraints for dumped tables
--

--
-- Constraints for table `reviews`
--
ALTER TABLE `reviews`
  ADD CONSTRAINT `reviews_product_id_foreign` FOREIGN KEY (`product_id`) REFERENCES `products` (`id`) ON DELETE CASCADE;
COMMIT;

/*!40101 SET CHARACTER_SET_CLIENT=@OLD_CHARACTER_SET_CLIENT */;
/*!40101 SET CHARACTER_SET_RESULTS=@OLD_CHARACTER_SET_RESULTS */;
/*!40101 SET COLLATION_CONNECTION=@OLD_COLLATION_CONNECTION */;
